timestamp,plot_id,cycle_id,crop,variety,environment,variable,value,unit,source,method,measurement_method,quality,uncertainty,provenance,source_type,observation_type
2026-01-01T00:00:00+00:00,plot_12010,cycle_tomato_1,tomato,RAF,GREENHOUSE,air_temperature,19.0,degC,synthetic_real_data_substitute,,synthetic_model,VALID,0.05,SIMULATED_REAL_DATA_SUBSTITUTE,synthetic,continuous
2026-01-01T00:00:00+00:00,plot_12010,cycle_tomato_1,tomato,RAF,GREENHOUSE,relative_humidity,72.0,%,synthetic_real_data_substitute,,synthetic_model,VALID,0.05,SIMULATED_REAL_DATA_SUBSTITUTE,synthetic,continuous
2026-01-01T00:00:00+00:00,plot_12010,cycle_tomato_1,tomato,RAF,GREENHOUSE,vpd,1.3,kPa,synthetic_real_data_substitute,,synthetic_model,VALID,0.05,SIMULATED_REAL_DATA_SUBSTITUTE,synthetic,continuous
2026-01-01T00:00:00+00:00,plot_12010,cycle_tomato_1,tomato,RAF,GREENHOUSE,solar_radiation,550.0,W_m-2,synthetic_real_data_substitute,,synthetic_model,VALID,0.05,SIMULATED_REAL_DATA_SUBSTITUTE,synthetic,continuous
2026-01-01T00:00:00+00:00,plot_12010,cycle_tomato_1,tomato,RAF,GREENHOUSE,co2,420.0,ppm,synthetic_real_data_substitute,,synthetic_model,VALID,0.05,SIMULATED_REAL_DATA_SUBSTITUTE,synthetic,continuous
2026-01-01T00:00:00+00:00,plot_12010,cycle_tomato_1,tomato,RAF,GREENHOUSE,lai,1.9,m2_m-2,synthetic_real_data_substitute,,synthetic_model,VALID,0.05,SIMULATED_REAL_DATA_SUBSTITUTE,synthetic,continuous
2026-01-01T00:00:00+00:00,plot_12010,cycle_tomato_1,tomato,RAF,GREENHOUSE,biomass,250.0,g_m-2,synthetic_real_data_substitute,,synthetic_model,VALID,0.05,SIMULATED_REAL_DATA_SUBSTITUTE,synthetic,continuous
2026-01-01T00:00:00+00:00,plot_12010,cycle_tomato_1,tomato,RAF,GREENHOUSE,soil_water_content,0.28,m3_m-3,synthetic_real_data_substitute,,synthetic_model,VALID,0.05,SIMULATED_REAL_DATA_SUBSTITUTE,synthetic,continuous
2026-01-01T00:00:00+00:00,plot_12010,cycle_tomato_1,tomato,RAF,GREENHOUSE,yield,0.7,kg_m-2,synthetic_real_data_substitute,,synthetic_model,VALID,0.05,SIMULATED_REAL_DATA_SUBSTITUTE,synthetic,continuous
2026-01-01T00:00:00+00:00,plot_12010,cycle_tomato_1,tomato,RAF,GREENHOUSE,fruit_weight,55.0,g,synthetic_real_data_substitute,,synthetic_model,VALID,0.05,SIMULATED_REAL_DATA_SUBSTITUTE,synthetic,continuous
2026-01-01T06:00:00+00:00,plot_12010,cycle_tomato_1,tomato,RAF,GREENHOUSE,air_temperature,19.3,degC,synthetic_real_data_substitute,,synthetic_model,VALID,0.05,SIMULATED_REAL_DATA_SUBSTITUTE,synthetic,continuous
2026-01-01T06:00:00+00:00,plot_12010,cycle_tomato_1,tomato,RAF,GREENHOUSE,relative_humidity,72.3,%,synthetic_real_data_substitute,,synthetic_model,VALID,0.05,SIMULATED_REAL_DATA_SUBSTITUTE,synthetic,continuous
2026-01-01T06:00:00+00:00,plot_12010,cycle_tomato_1,tomato,RAF,GREENHOUSE,vpd,1.6,kPa,synthetic_real_data_substitute,,synthetic_model,VALID,0.05,SIMULATED_REAL_DATA_SUBSTITUTE,synthetic,continuous
2026-01-01T06:00:00+00:00,plot_12010,cycle_tomato_1,tomato,RAF,GREENHOUSE,solar_radiation,550.3,W_m-2,synthetic_real_data_substitute,,synthetic_model,VALID,0.05,SIMULATED_REAL_DATA_SUBSTITUTE,synthetic,continuous
2026-01-01T06:00:00+00:00,plot_12010,cycle_tomato_1,tomato,RAF,GREENHOUSE,co2,420.3,ppm,synthetic_real_data_substitute,,synthetic_model,VALID,0.05,SIMULATED_REAL_DATA_SUBSTITUTE,synthetic,continuous
2026-01-01T06:00:00+00:00,plot_12010,cycle_tomato_1,tomato,RAF,GREENHOUSE,lai,2.2,m2_m-2,synthetic_real_data_substitute,,synthetic_model,VALID,0.05,SIMULATED_REAL_DATA_SUBSTITUTE,synthetic,continuous
2026-01-01T06:00:00+00:00,plot_12010,cycle_tomato_1,tomato,RAF,GREENHOUSE,biomass,250.3,g_m-2,synthetic_real_data_substitute,,synthetic_model,VALID,0.05,SIMULATED_REAL_DATA_SUBSTITUTE,synthetic,continuous
2026-01-01T06:00:00+00:00,plot_12010,cycle_tomato_1,tomato,RAF,GREENHOUSE,soil_water_content,0.58,m3_m-3,synthetic_real_data_substitute,,synthetic_model,VALID,0.05,SIMULATED_REAL_DATA_SUBSTITUTE,synthetic,continuous
2026-01-01T06:00:00+00:00,plot_12010,cycle_tomato_1,tomato,RAF,GREENHOUSE,yield,1.0,kg_m-2,synthetic_real_data_substitute,,synthetic_model,VALID,0.05,SIMULATED_REAL_DATA_SUBSTITUTE,synthetic,continuous
2026-01-01T06:00:00+00:00,plot_12010,cycle_tomato_1,tomato,RAF,GREENHOUSE,fruit_weight,55.3,g,synthetic_real_data_substitute,,synthetic_model,VALID,0.05,SIMULATED_REAL_DATA_SUBSTITUTE,synthetic,continuous
2026-01-01T12:00:00+00:00,plot_12010,cycle_tomato_1,tomato,RAF,GREENHOUSE,air_temperature,19.6,degC,synthetic_real_data_substitute,,synthetic_model,VALID,0.05,SIMULATED_REAL_DATA_SUBSTITUTE,synthetic,continuous
2026-01-01T12:00:00+00:00,plot_12010,cycle_tomato_1,tomato,RAF,GREENHOUSE,relative_humidity,72.6,%,synthetic_real_data_substitute,,synthetic_model,VALID,0.05,SIMULATED_REAL_DATA_SUBSTITUTE,synthetic,continuous
2026-01-01T12:00:00+00:00,plot_12010,cycle_tomato_1,tomato,RAF,GREENHOUSE,vpd,1.9,kPa,synthetic_real_data_substitute,,synthetic_model,VALID,0.05,SIMULATED_REAL_DATA_SUBSTITUTE,synthetic,continuous
2026-01-01T12:00:00+00:00,plot_12010,cycle_tomato_1,tomato,RAF,GREENHOUSE,solar_radiation,550.6,W_m-2,synthetic_real_data_substitute,,synthetic_model,VALID,0.05,SIMULATED_REAL_DATA_SUBSTITUTE,synthetic,continuous
2026-01-01T12:00:00+00:00,plot_12010,cycle_tomato_1,tomato,RAF,GREENHOUSE,co2,420.6,ppm,synthetic_real_data_substitute,,synthetic_model,VALID,0.05,SIMULATED_REAL_DATA_SUBSTITUTE,synthetic,continuous
2026-01-01T12:00:00+00:00,plot_12010,cycle_tomato_1,tomato,RAF,GREENHOUSE,lai,2.5,m2_m-2,synthetic_real_data_substitute,,synthetic_model,VALID,0.05,SIMULATED_REAL_DATA_SUBSTITUTE,synthetic,continuous
2026-01-01T12:00:00+00:00,plot_12010,cycle_tomato_1,tomato,RAF,GREENHOUSE,biomass,250.6,g_m-2,synthetic_real_data_substitute,,synthetic_model,VALID,0.05,SIMULATED_REAL_DATA_SUBSTITUTE,synthetic,continuous
2026-01-01T12:00:00+00:00,plot_12010,cycle_tomato_1,tomato,RAF,GREENHOUSE,soil_water_content,0.88,m3_m-3,synthetic_real_data_substitute,,synthetic_model,VALID,0.05,SIMULATED_REAL_DATA_SUBSTITUTE,synthetic,continuous
2026-01-01T12:00:00+00:00,plot_12010,cycle_tomato_1,tomato,RAF,GREENHOUSE,yield,1.3,kg_m-2,synthetic_real_data_substitute,,synthetic_model,VALID,0.05,SIMULATED_REAL_DATA_SUBSTITUTE,synthetic,continuous
2026-01-01T12:00:00+00:00,plot_12010,cycle_tomato_1,tomato,RAF,GREENHOUSE,fruit_weight,55.6,g,synthetic_real_data_substitute,,synthetic_model,VALID,0.05,SIMULATED_REAL_DATA_SUBSTITUTE,synthetic,continuous
2026-01-01T18:00:00+00:00,plot_12010,cycle_tomato_1,tomato,RAF,GREENHOUSE,air_temperature,19.9,degC,synthetic_real_data_substitute,,synthetic_model,VALID,0.05,SIMULATED_REAL_DATA_SUBSTITUTE,synthetic,continuous
2026-01-01T18:00:00+00:00,plot_12010,cycle_tomato_1,tomato,RAF,GREENHOUSE,relative_humidity,72.9,%,synthetic_real_data_substitute,,synthetic_model,VALID,0.05,SIMULATED_REAL_DATA_SUBSTITUTE,synthetic,continuous
2026-01-01T18:00:00+00:00,plot_12010,cycle_tomato_1,tomato,RAF,GREENHOUSE,vpd,2.2,kPa,synthetic_real_data_substitute,,synthetic_model,VALID,0.05,SIMULATED_REAL_DATA_SUBSTITUTE,synthetic,continuous
2026-01-01T18:00:00+00:00,plot_12010,cycle_tomato_1,tomato,RAF,GREENHOUSE,solar_radiation,550.9,W_m-2,synthetic_real_data_substitute,,synthetic_model,VALID,0.05,SIMULATED_REAL_DATA_SUBSTITUTE,synthetic,continuous
2026-01-01T18:00:00+00:00,plot_12010,cycle_tomato_1,tomato,RAF,GREENHOUSE,co2,420.9,ppm,synthetic_real_data_substitute,,synthetic_model,VALID,0.05,SIMULATED_REAL_DATA_SUBSTITUTE,synthetic,continuous
2026-01-01T18:00:00+00:00,plot_12010,cycle_tomato_1,tomato,RAF,GREENHOUSE,lai,2.8,m2_m-2,synthetic_real_data_substitute,,synthetic_model,VALID,0.05,SIMULATED_REAL_DATA_SUBSTITUTE,synthetic,continuous
2026-01-01T18:00:00+00:00,plot_12010,cycle_tomato_1,tomato,RAF,GREENHOUSE,biomass,250.9,g_m-2,synthetic_real_data_substitute,,synthetic_model,VALID,0.05,SIMULATED_REAL_DATA_SUBSTITUTE,synthetic,continuous
2026-01-01T18:00:00+00:00,plot_12010,cycle_tomato_1,tomato,RAF,GREENHOUSE,soil_water_content,1.18,m3_m-3,synthetic_real_data_substitute,,synthetic_model,VALID,0.05,SIMULATED_REAL_DATA_SUBSTITUTE,synthetic,continuous
2026-01-01T18:00:00+00:00,plot_12010,cycle_tomato_1,tomato,RAF,GREENHOUSE,yield,1.6,kg_m-2,synthetic_real_data_substitute,,synthetic_model,VALID,0.05,SIMULATED_REAL_DATA_SUBSTITUTE,synthetic,continuous
2026-01-01T18:00:00+00:00,plot_12010,cycle_tomato_1,tomato,RAF,GREENHOUSE,fruit_weight,55.9,g,synthetic_real_data_substitute,,synthetic_model,VALID,0.05,SIMULATED_REAL_DATA_SUBSTITUTE,synthetic,continuous
2026-01-02T00:00:00+00:00,plot_12010,cycle_tomato_1,tomato,RAF,GREENHOUSE,air_temperature,20.2,degC,synthetic_real_data_substitute,,synthetic_model,VALID,0.05,SIMULATED_REAL_DATA_SUBSTITUTE,synthetic,continuous
2026-01-02T00:00:00+00:00,plot_12010,cycle_tomato_1,tomato,RAF,GREENHOUSE,relative_humidity,73.2,%,synthetic_real_data_substitute,,synthetic_model,VALID,0.05,SIMULATED_REAL_DATA_SUBSTITUTE,synthetic,continuous
2026-01-02T00:00:00+00:00,plot_12010,cycle_tomato_1,tomato,RAF,GREENHOUSE,vpd,2.5,kPa,synthetic_real_data_substitute,,synthetic_model,VALID,0.05,SIMULATED_REAL_DATA_SUBSTITUTE,synthetic,continuous
2026-01-02T00:00:00+00:00,plot_12010,cycle_tomato_1,tomato,RAF,GREENHOUSE,solar_radiation,551.2,W_m-2,synthetic_real_data_substitute,,synthetic_model,VALID,0.05,SIMULATED_REAL_DATA_SUBSTITUTE,synthetic,continuous
2026-01-02T00:00:00+00:00,plot_12010,cycle_tomato_1,tomato,RAF,GREENHOUSE,co2,421.2,ppm,synthetic_real_data_substitute,,synthetic_model,VALID,0.05,SIMULATED_REAL_DATA_SUBSTITUTE,synthetic,continuous
2026-01-02T00:00:00+00:00,plot_12010,cycle_tomato_1,tomato,RAF,GREENHOUSE,lai,3.1,m2_m-2,synthetic_real_data_substitute,,synthetic_model,VALID,0.05,SIMULATED_REAL_DATA_SUBSTITUTE,synthetic,continuous
2026-01-02T00:00:00+00:00,plot_12010,cycle_tomato_1,tomato,RAF,GREENHOUSE,biomass,251.2,g_m-2,synthetic_real_data_substitute,,synthetic_model,VALID,0.05,SIMULATED_REAL_DATA_SUBSTITUTE,synthetic,continuous
2026-01-02T00:00:00+00:00,plot_12010,cycle_tomato_1,tomato,RAF,GREENHOUSE,soil_water_content,1.48,m3_m-3,synthetic_real_data_substitute,,synthetic_model,VALID,0.05,SIMULATED_REAL_DATA_SUBSTITUTE,synthetic,continuous
2026-01-02T00:00:00+00:00,plot_12010,cycle_tomato_1,tomato,RAF,GREENHOUSE,yield,1.9,kg_m-2,synthetic_real_data_substitute,,synthetic_model,VALID,0.05,SIMULATED_REAL_DATA_SUBSTITUTE,synthetic,continuous
2026-01-02T00:00:00+00:00,plot_12010,cycle_tomato_1,tomato,RAF,GREENHOUSE,fruit_weight,56.2,g,synthetic_real_data_substitute,,synthetic_model,VALID,0.05,SIMULATED_REAL_DATA_SUBSTITUTE,synthetic,continuous
2026-01-01T03:00:00+00:00,plot_14705,cycle_1,lettuce,,GREENHOUSE,air_temperature,19.15,degC,synthetic_real_data_substitute,,synthetic_model,VALID,0.05,SIMULATED_REAL_DATA_SUBSTITUTE,synthetic,continuous
2026-01-01T03:00:00+00:00,plot_14705,cycle_1,lettuce,,GREENHOUSE,relative_humidity,72.15,%,synthetic_real_data_substitute,,synthetic_model,VALID,0.05,SIMULATED_REAL_DATA_SUBSTITUTE,synthetic,continuous
2026-01-01T03:00:00+00:00,plot_14705,cycle_1,lettuce,,GREENHOUSE,vpd,1.45,kPa,synthetic_real_data_substitute,,synthetic_model,VALID,0.05,SIMULATED_REAL_DATA_SUBSTITUTE,synthetic,continuous
2026-01-01T03:00:00+00:00,plot_14705,cycle_1,lettuce,,GREENHOUSE,solar_radiation,550.15,W_m-2,synthetic_real_data_substitute,,synthetic_model,VALID,0.05,SIMULATED_REAL_DATA_SUBSTITUTE,synthetic,continuous
2026-01-01T03:00:00+00:00,plot_14705,cycle_1,lettuce,,GREENHOUSE,co2,420.15,ppm,synthetic_real_data_substitute,,synthetic_model,VALID,0.05,SIMULATED_REAL_DATA_SUBSTITUTE,synthetic,continuous
2026-01-01T03:00:00+00:00,plot_14705,cycle_1,lettuce,,GREENHOUSE,lai,2.05,m2_m-2,synthetic_real_data_substitute,,synthetic_model,VALID,0.05,SIMULATED_REAL_DATA_SUBSTITUTE,synthetic,continuous
2026-01-01T03:00:00+00:00,plot_14705,cycle_1,lettuce,,GREENHOUSE,biomass,250.15,g_m-2,synthetic_real_data_substitute,,synthetic_model,VALID,0.05,SIMULATED_REAL_DATA_SUBSTITUTE,synthetic,continuous
2026-01-01T03:00:00+00:00,plot_14705,cycle_1,lettuce,,GREENHOUSE,soil_water_content,0.43,m3_m-3,synthetic_real_data_substitute,,synthetic_model,VALID,0.05,SIMULATED_REAL_DATA_SUBSTITUTE,synthetic,continuous
2026-01-01T09:00:00+00:00,plot_14705,cycle_1,lettuce,,GREENHOUSE,air_temperature,19.45,degC,synthetic_real_data_substitute,,synthetic_model,VALID,0.05,SIMULATED_REAL_DATA_SUBSTITUTE,synthetic,continuous
2026-01-01T09:00:00+00:00,plot_14705,cycle_1,lettuce,,GREENHOUSE,relative_humidity,72.45,%,synthetic_real_data_substitute,,synthetic_model,VALID,0.05,SIMULATED_REAL_DATA_SUBSTITUTE,synthetic,continuous
2026-01-01T09:00:00+00:00,plot_14705,cycle_1,lettuce,,GREENHOUSE,vpd,1.75,kPa,synthetic_real_data_substitute,,synthetic_model,VALID,0.05,SIMULATED_REAL_DATA_SUBSTITUTE,synthetic,continuous
2026-01-01T09:00:00+00:00,plot_14705,cycle_1,lettuce,,GREENHOUSE,solar_radiation,550.45,W_m-2,synthetic_real_data_substitute,,synthetic_model,VALID,0.05,SIMULATED_REAL_DATA_SUBSTITUTE,synthetic,continuous
2026-01-01T09:00:00+00:00,plot_14705,cycle_1,lettuce,,GREENHOUSE,co2,420.45,ppm,synthetic_real_data_substitute,,synthetic_model,VALID,0.05,SIMULATED_REAL_DATA_SUBSTITUTE,synthetic,continuous
2026-01-01T09:00:00+00:00,plot_14705,cycle_1,lettuce,,GREENHOUSE,lai,2.35,m2_m-2,synthetic_real_data_substitute,,synthetic_model,VALID,0.05,SIMULATED_REAL_DATA_SUBSTITUTE,synthetic,continuous
2026-01-01T09:00:00+00:00,plot_14705,cycle_1,lettuce,,GREENHOUSE,biomass,250.45,g_m-2,synthetic_real_data_substitute,,synthetic_model,VALID,0.05,SIMULATED_REAL_DATA_SUBSTITUTE,synthetic,continuous
2026-01-01T09:00:00+00:00,plot_14705,cycle_1,lettuce,,GREENHOUSE,soil_water_content,0.73,m3_m-3,synthetic_real_data_substitute,,synthetic_model,VALID,0.05,SIMULATED_REAL_DATA_SUBSTITUTE,synthetic,continuous
2026-01-01T15:00:00+00:00,plot_14705,cycle_1,lettuce,,GREENHOUSE,air_temperature,19.75,degC,synthetic_real_data_substitute,,synthetic_model,VALID,0.05,SIMULATED_REAL_DATA_SUBSTITUTE,synthetic,continuous
2026-01-01T15:00:00+00:00,plot_14705,cycle_1,lettuce,,GREENHOUSE,relative_humidity,72.75,%,synthetic_real_data_substitute,,synthetic_model,VALID,0.05,SIMULATED_REAL_DATA_SUBSTITUTE,synthetic,continuous
2026-01-01T15:00:00+00:00,plot_14705,cycle_1,lettuce,,GREENHOUSE,vpd,2.05,kPa,synthetic_real_data_substitute,,synthetic_model,VALID,0.05,SIMULATED_REAL_DATA_SUBSTITUTE,synthetic,continuous
2026-01-01T15:00:00+00:00,plot_14705,cycle_1,lettuce,,GREENHOUSE,solar_radiation,550.75,W_m-2,synthetic_real_data_substitute,,synthetic_model,VALID,0.05,SIMULATED_REAL_DATA_SUBSTITUTE,synthetic,continuous
2026-01-01T15:00:00+00:00,plot_14705,cycle_1,lettuce,,GREENHOUSE,co2,420.75,ppm,synthetic_real_data_substitute,,synthetic_model,VALID,0.05,SIMULATED_REAL_DATA_SUBSTITUTE,synthetic,continuous
2026-01-01T15:00:00+00:00,plot_14705,cycle_1,lettuce,,GREENHOUSE,lai,2.65,m2_m-2,synthetic_real_data_substitute,,synthetic_model,VALID,0.05,SIMULATED_REAL_DATA_SUBSTITUTE,synthetic,continuous
2026-01-01T15:00:00+00:00,plot_14705,cycle_1,lettuce,,GREENHOUSE,biomass,250.75,g_m-2,synthetic_real_data_substitute,,synthetic_model,VALID,0.05,SIMULATED_REAL_DATA_SUBSTITUTE,synthetic,continuous
2026-01-01T15:00:00+00:00,plot_14705,cycle_1,lettuce,,GREENHOUSE,soil_water_content,1.03,m3_m-3,synthetic_real_data_substitute,,synthetic_model,VALID,0.05,SIMULATED_REAL_DATA_SUBSTITUTE,synthetic,continuous
2026-01-01T15:00:00+00:00,plot_14705,cycle_1,lettuce,,GREENHOUSE,yield,1.45,kg_m-2,synthetic_real_data_substitute,,synthetic_model,VALID,0.05,SIMULATED_REAL_DATA_SUBSTITUTE,synthetic,continuous
2026-01-01T15:00:00+00:00,plot_14705,cycle_1,lettuce,,GREENHOUSE,fruit_weight,55.75,g,synthetic_real_data_substitute,,synthetic_model,VALID,0.05,SIMULATED_REAL_DATA_SUBSTITUTE,synthetic,continuous
2026-01-01T21:00:00+00:00,plot_14705,cycle_1,lettuce,,GREENHOUSE,air_temperature,20.05,degC,synthetic_real_data_substitute,,synthetic_model,VALID,0.05,SIMULATED_REAL_DATA_SUBSTITUTE,synthetic,continuous
2026-01-01T21:00:00+00:00,plot_14705,cycle_1,lettuce,,GREENHOUSE,relative_humidity,73.05,%,synthetic_real_data_substitute,,synthetic_model,VALID,0.05,SIMULATED_REAL_DATA_SUBSTITUTE,synthetic,continuous
2026-01-01T21:00:00+00:00,plot_14705,cycle_1,lettuce,,GREENHOUSE,vpd,2.35,kPa,synthetic_real_data_substitute,,synthetic_model,VALID,0.05,SIMULATED_REAL_DATA_SUBSTITUTE,synthetic,continuous
2026-01-01T21:00:00+00:00,plot_14705,cycle_1,lettuce,,GREENHOUSE,solar_radiation,551.05,W_m-2,synthetic_real_data_substitute,,synthetic_model,VALID,0.05,SIMULATED_REAL_DATA_SUBSTITUTE,synthetic,continuous
2026-01-01T21:00:00+00:00,plot_14705,cycle_1,lettuce,,GREENHOUSE,co2,421.05,ppm,synthetic_real_data_substitute,,synthetic_model,VALID,0.05,SIMULATED_REAL_DATA_SUBSTITUTE,synthetic,continuous
2026-01-01T21:00:00+00:00,plot_14705,cycle_1,lettuce,,GREENHOUSE,lai,2.95,m2_m-2,synthetic_real_data_substitute,,synthetic_model,VALID,0.05,SIMULATED_REAL_DATA_SUBSTITUTE,synthetic,continuous
2026-01-01T21:00:00+00:00,plot_14705,cycle_1,lettuce,,GREENHOUSE,biomass,251.05,g_m-2,synthetic_real_data_substitute,,synthetic_model,VALID,0.05,SIMULATED_REAL_DATA_SUBSTITUTE,synthetic,continuous
2026-01-01T21:00:00+00:00,plot_14705,cycle_1,lettuce,,GREENHOUSE,soil_water_content,1.33,m3_m-3,synthetic_real_data_substitute,,synthetic_model,VALID,0.05,SIMULATED_REAL_DATA_SUBSTITUTE,synthetic,continuous
2026-01-01T21:00:00+00:00,plot_14705,cycle_1,lettuce,,GREENHOUSE,yield,1.75,kg_m-2,synthetic_real_data_substitute,,synthetic_model,VALID,0.05,SIMULATED_REAL_DATA_SUBSTITUTE,synthetic,continuous
2026-01-01T21:00:00+00:00,plot_14705,cycle_1,lettuce,,GREENHOUSE,fruit_weight,56.05,g,synthetic_real_data_substitute,,synthetic_model,VALID,0.05,SIMULATED_REAL_DATA_SUBSTITUTE,synthetic,continuous
2026-01-02T03:00:00+00:00,plot_14705,cycle_1,lettuce,,GREENHOUSE,air_temperature,20.35,degC,synthetic_real_data_substitute,,synthetic_model,VALID,0.05,SIMULATED_REAL_DATA_SUBSTITUTE,synthetic,continuous
2026-01-02T03:00:00+00:00,plot_14705,cycle_1,lettuce,,GREENHOUSE,relative_humidity,73.35,%,synthetic_real_data_substitute,,synthetic_model,VALID,0.05,SIMULATED_REAL_DATA_SUBSTITUTE,synthetic,continuous
2026-01-02T03:00:00+00:00,plot_14705,cycle_1,lettuce,,GREENHOUSE,vpd,2.65,kPa,synthetic_real_data_substitute,,synthetic_model,VALID,0.05,SIMULATED_REAL_DATA_SUBSTITUTE,synthetic,continuous
2026-01-02T03:00:00+00:00,plot_14705,cycle_1,lettuce,,GREENHOUSE,solar_radiation,551.35,W_m-2,synthetic_real_data_substitute,,synthetic_model,VALID,0.05,SIMULATED_REAL_DATA_SUBSTITUTE,synthetic,continuous
2026-01-02T03:00:00+00:00,plot_14705,cycle_1,lettuce,,GREENHOUSE,co2,421.35,ppm,synthetic_real_data_substitute,,synthetic_model,VALID,0.05,SIMULATED_REAL_DATA_SUBSTITUTE,synthetic,continuous
2026-01-02T03:00:00+00:00,plot_14705,cycle_1,lettuce,,GREENHOUSE,lai,3.25,m2_m-2,synthetic_real_data_substitute,,synthetic_model,VALID,0.05,SIMULATED_REAL_DATA_SUBSTITUTE,synthetic,continuous
2026-01-02T03:00:00+00:00,plot_14705,cycle_1,lettuce,,GREENHOUSE,biomass,251.35,g_m-2,synthetic_real_data_substitute,,synthetic_model,VALID,0.05,SIMULATED_REAL_DATA_SUBSTITUTE,synthetic,continuous
2026-01-02T03:00:00+00:00,plot_14705,cycle_1,lettuce,,GREENHOUSE,soil_water_content,1.63,m3_m-3,synthetic_real_data_substitute,,synthetic_model,VALID,0.05,SIMULATED_REAL_DATA_SUBSTITUTE,synthetic,continuous
2026-01-02T03:00:00+00:00,plot_14705,cycle_1,lettuce,,GREENHOUSE,yield,2.05,kg_m-2,synthetic_real_data_substitute,,synthetic_model,VALID,0.05,SIMULATED_REAL_DATA_SUBSTITUTE,synthetic,continuous
2026-01-02T03:00:00+00:00,plot_14705,cycle_1,lettuce,,GREENHOUSE,fruit_weight,56.35,g,synthetic_real_data_substitute,,synthetic_model,VALID,0.05,SIMULATED_REAL_DATA_SUBSTITUTE,synthetic,continuous
2026-01-01T06:00:00+00:00,plot_14705,cycle_2,lettuce,,GREENHOUSE,air_temperature,19.3,degC,synthetic_real_data_substitute,,synthetic_model,VALID,0.05,SIMULATED_REAL_DATA_SUBSTITUTE,synthetic,continuous
2026-01-01T06:00:00+00:00,plot_14705,cycle_2,lettuce,,GREENHOUSE,relative_humidity,72.3,%,synthetic_real_data_substitute,,synthetic_model,VALID,0.05,SIMULATED_REAL_DATA_SUBSTITUTE,synthetic,continuous
2026-01-01T06:00:00+00:00,plot_14705,cycle_2,lettuce,,GREENHOUSE,vpd,1.6,kPa,synthetic_real_data_substitute,,synthetic_model,VALID,0.05,SIMULATED_REAL_DATA_SUBSTITUTE,synthetic,continuous
2026-01-01T06:00:00+00:00,plot_14705,cycle_2,lettuce,,GREENHOUSE,solar_radiation,550.3,W_m-2,synthetic_real_data_substitute,,synthetic_model,VALID,0.05,SIMULATED_REAL_DATA_SUBSTITUTE,synthetic,continuous
2026-01-01T06:00:00+00:00,plot_14705,cycle_2,lettuce,,GREENHOUSE,co2,420.3,ppm,synthetic_real_data_substitute,,synthetic_model,VALID,0.05,SIMULATED_REAL_DATA_SUBSTITUTE,synthetic,continuous
2026-01-01T06:00:00+00:00,plot_14705,cycle_2,lettuce,,GREENHOUSE,lai,2.2,m2_m-2,synthetic_real_data_substitute,,synthetic_model,VALID,0.05,SIMULATED_REAL_DATA_SUBSTITUTE,synthetic,continuous
2026-01-01T06:00:00+00:00,plot_14705,cycle_2,lettuce,,GREENHOUSE,biomass,250.3,g_m-2,synthetic_real_data_substitute,,synthetic_model,VALID,0.05,SIMULATED_REAL_DATA_SUBSTITUTE,synthetic,continuous
2026-01-01T06:00:00+00:00,plot_14705,cycle_2,lettuce,,GREENHOUSE,soil_water_content,0.58,m3_m-3,synthetic_real_data_substitute,,synthetic_model,VALID,0.05,SIMULATED_REAL_DATA_SUBSTITUTE,synthetic,continuous
2026-01-01T12:00:00+00:00,plot_14705,cycle_2,lettuce,,GREENHOUSE,air_temperature,19.6,degC,synthetic_real_data_substitute,,synthetic_model,VALID,0.05,SIMULATED_REAL_DATA_SUBSTITUTE,synthetic,continuous
2026-01-01T12:00:00+00:00,plot_14705,cycle_2,lettuce,,GREENHOUSE,relative_humidity,72.6,%,synthetic_real_data_substitute,,synthetic_model,VALID,0.05,SIMULATED_REAL_DATA_SUBSTITUTE,synthetic,continuous
2026-01-01T12:00:00+00:00,plot_14705,cycle_2,lettuce,,GREENHOUSE,vpd,1.9,kPa,synthetic_real_data_substitute,,synthetic_model,VALID,0.05,SIMULATED_REAL_DATA_SUBSTITUTE,synthetic,continuous
2026-01-01T12:00:00+00:00,plot_14705,cycle_2,lettuce,,GREENHOUSE,solar_radiation,550.6,W_m-2,synthetic_real_data_substitute,,synthetic_model,VALID,0.05,SIMULATED_REAL_DATA_SUBSTITUTE,synthetic,continuous
2026-01-01T12:00:00+00:00,plot_14705,cycle_2,lettuce,,GREENHOUSE,co2,420.6,ppm,synthetic_real_data_substitute,,synthetic_model,VALID,0.05,SIMULATED_REAL_DATA_SUBSTITUTE,synthetic,continuous
2026-01-01T12:00:00+00:00,plot_14705,cycle_2,lettuce,,GREENHOUSE,lai,2.5,m2_m-2,synthetic_real_data_substitute,,synthetic_model,VALID,0.05,SIMULATED_REAL_DATA_SUBSTITUTE,synthetic,continuous
2026-01-01T12:00:00+00:00,plot_14705,cycle_2,lettuce,,GREENHOUSE,biomass,250.6,g_m-2,synthetic_real_data_substitute,,synthetic_model,VALID,0.05,SIMULATED_REAL_DATA_SUBSTITUTE,synthetic,continuous
2026-01-01T12:00:00+00:00,plot_14705,cycle_2,lettuce,,GREENHOUSE,soil_water_content,0.88,m3_m-3,synthetic_real_data_substitute,,synthetic_model,VALID,0.05,SIMULATED_REAL_DATA_SUBSTITUTE,synthetic,continuous
2026-01-01T18:00:00+00:00,plot_14705,cycle_2,lettuce,,GREENHOUSE,air_temperature,19.9,degC,synthetic_real_data_substitute,,synthetic_model,VALID,0.05,SIMULATED_REAL_DATA_SUBSTITUTE,synthetic,continuous
2026-01-01T18:00:00+00:00,plot_14705,cycle_2,lettuce,,GREENHOUSE,relative_humidity,72.9,%,synthetic_real_data_substitute,,synthetic_model,VALID,0.05,SIMULATED_REAL_DATA_SUBSTITUTE,synthetic,continuous
2026-01-01T18:00:00+00:00,plot_14705,cycle_2,lettuce,,GREENHOUSE,vpd,2.2,kPa,synthetic_real_data_substitute,,synthetic_model,VALID,0.05,SIMULATED_REAL_DATA_SUBSTITUTE,synthetic,continuous
2026-01-01T18:00:00+00:00,plot_14705,cycle_2,lettuce,,GREENHOUSE,solar_radiation,550.9,W_m-2,synthetic_real_data_substitute,,synthetic_model,VALID,0.05,SIMULATED_REAL_DATA_SUBSTITUTE,synthetic,continuous
2026-01-01T18:00:00+00:00,plot_14705,cycle_2,lettuce,,GREENHOUSE,co2,420.9,ppm,synthetic_real_data_substitute,,synthetic_model,VALID,0.05,SIMULATED_REAL_DATA_SUBSTITUTE,synthetic,continuous
2026-01-01T18:00:00+00:00,plot_14705,cycle_2,lettuce,,GREENHOUSE,lai,2.8,m2_m-2,synthetic_real_data_substitute,,synthetic_model,VALID,0.05,SIMULATED_REAL_DATA_SUBSTITUTE,synthetic,continuous
2026-01-01T18:00:00+00:00,plot_14705,cycle_2,lettuce,,GREENHOUSE,biomass,250.9,g_m-2,synthetic_real_data_substitute,,synthetic_model,VALID,0.05,SIMULATED_REAL_DATA_SUBSTITUTE,synthetic,continuous
2026-01-01T18:00:00+00:00,plot_14705,cycle_2,lettuce,,GREENHOUSE,soil_water_content,1.18,m3_m-3,synthetic_real_data_substitute,,synthetic_model,VALID,0.05,SIMULATED_REAL_DATA_SUBSTITUTE,synthetic,continuous
2026-01-01T18:00:00+00:00,plot_14705,cycle_2,lettuce,,GREENHOUSE,yield,1.6,kg_m-2,synthetic_real_data_substitute,,synthetic_model,VALID,0.05,SIMULATED_REAL_DATA_SUBSTITUTE,synthetic,continuous
2026-01-01T18:00:00+00:00,plot_14705,cycle_2,lettuce,,GREENHOUSE,fruit_weight,55.9,g,synthetic_real_data_substitute,,synthetic_model,VALID,0.05,SIMULATED_REAL_DATA_SUBSTITUTE,synthetic,continuous
2026-01-02T00:00:00+00:00,plot_14705,cycle_2,lettuce,,GREENHOUSE,air_temperature,20.2,degC,synthetic_real_data_substitute,,synthetic_model,VALID,0.05,SIMULATED_REAL_DATA_SUBSTITUTE,synthetic,continuous
2026-01-02T00:00:00+00:00,plot_14705,cycle_2,lettuce,,GREENHOUSE,relative_humidity,73.2,%,synthetic_real_data_substitute,,synthetic_model,VALID,0.05,SIMULATED_REAL_DATA_SUBSTITUTE,synthetic,continuous
2026-01-02T00:00:00+00:00,plot_14705,cycle_2,lettuce,,GREENHOUSE,vpd,2.5,kPa,synthetic_real_data_substitute,,synthetic_model,VALID,0.05,SIMULATED_REAL_DATA_SUBSTITUTE,synthetic,continuous
2026-01-02T00:00:00+00:00,plot_14705,cycle_2,lettuce,,GREENHOUSE,solar_radiation,551.2,W_m-2,synthetic_real_data_substitute,,synthetic_model,VALID,0.05,SIMULATED_REAL_DATA_SUBSTITUTE,synthetic,continuous
2026-01-02T00:00:00+00:00,plot_14705,cycle_2,lettuce,,GREENHOUSE,co2,421.2,ppm,synthetic_real_data_substitute,,synthetic_model,VALID,0.05,SIMULATED_REAL_DATA_SUBSTITUTE,synthetic,continuous
2026-01-02T00:00:00+00:00,plot_14705,cycle_2,lettuce,,GREENHOUSE,lai,3.1,m2_m-2,synthetic_real_data_substitute,,synthetic_model,VALID,0.05,SIMULATED_REAL_DATA_SUBSTITUTE,synthetic,continuous
2026-01-02T00:00:00+00:00,plot_14705,cycle_2,lettuce,,GREENHOUSE,biomass,251.2,g_m-2,synthetic_real_data_substitute,,synthetic_model,VALID,0.05,SIMULATED_REAL_DATA_SUBSTITUTE,synthetic,continuous
2026-01-02T00:00:00+00:00,plot_14705,cycle_2,lettuce,,GREENHOUSE,soil_water_content,1.48,m3_m-3,synthetic_real_data_substitute,,synthetic_model,VALID,0.05,SIMULATED_REAL_DATA_SUBSTITUTE,synthetic,continuous
2026-01-02T00:00:00+00:00,plot_14705,cycle_2,lettuce,,GREENHOUSE,yield,1.9,kg_m-2,synthetic_real_data_substitute,,synthetic_model,VALID,0.05,SIMULATED_REAL_DATA_SUBSTITUTE,synthetic,continuous
2026-01-02T00:00:00+00:00,plot_14705,cycle_2,lettuce,,GREENHOUSE,fruit_weight,56.2,g,synthetic_real_data_substitute,,synthetic_model,VALID,0.05,SIMULATED_REAL_DATA_SUBSTITUTE,synthetic,continuous
2026-01-02T06:00:00+00:00,plot_14705,cycle_2,lettuce,,GREENHOUSE,air_temperature,20.5,degC,synthetic_real_data_substitute,,synthetic_model,VALID,0.05,SIMULATED_REAL_DATA_SUBSTITUTE,synthetic,continuous
2026-01-02T06:00:00+00:00,plot_14705,cycle_2,lettuce,,GREENHOUSE,relative_humidity,73.5,%,synthetic_real_data_substitute,,synthetic_model,VALID,0.05,SIMULATED_REAL_DATA_SUBSTITUTE,synthetic,continuous
2026-01-02T06:00:00+00:00,plot_14705,cycle_2,lettuce,,GREENHOUSE,vpd,2.8,kPa,synthetic_real_data_substitute,,synthetic_model,VALID,0.05,SIMULATED_REAL_DATA_SUBSTITUTE,synthetic,continuous
2026-01-02T06:00:00+00:00,plot_14705,cycle_2,lettuce,,GREENHOUSE,solar_radiation,551.5,W_m-2,synthetic_real_data_substitute,,synthetic_model,VALID,0.05,SIMULATED_REAL_DATA_SUBSTITUTE,synthetic,continuous
2026-01-02T06:00:00+00:00,plot_14705,cycle_2,lettuce,,GREENHOUSE,co2,421.5,ppm,synthetic_real_data_substitute,,synthetic_model,VALID,0.05,SIMULATED_REAL_DATA_SUBSTITUTE,synthetic,continuous
2026-01-02T06:00:00+00:00,plot_14705,cycle_2,lettuce,,GREENHOUSE,lai,3.4,m2_m-2,synthetic_real_data_substitute,,synthetic_model,VALID,0.05,SIMULATED_REAL_DATA_SUBSTITUTE,synthetic,continuous
2026-01-02T06:00:00+00:00,plot_14705,cycle_2,lettuce,,GREENHOUSE,biomass,251.5,g_m-2,synthetic_real_data_substitute,,synthetic_model,VALID,0.05,SIMULATED_REAL_DATA_SUBSTITUTE,synthetic,continuous
2026-01-02T06:00:00+00:00,plot_14705,cycle_2,lettuce,,GREENHOUSE,soil_water_content,1.78,m3_m-3,synthetic_real_data_substitute,,synthetic_model,VALID,0.05,SIMULATED_REAL_DATA_SUBSTITUTE,synthetic,continuous
2026-01-02T06:00:00+00:00,plot_14705,cycle_2,lettuce,,GREENHOUSE,yield,2.2,kg_m-2,synthetic_real_data_substitute,,synthetic_model,VALID,0.05,SIMULATED_REAL_DATA_SUBSTITUTE,synthetic,continuous
2026-01-02T06:00:00+00:00,plot_14705,cycle_2,lettuce,,GREENHOUSE,fruit_weight,56.5,g,synthetic_real_data_substitute,,synthetic_model,VALID,0.05,SIMULATED_REAL_DATA_SUBSTITUTE,synthetic,continuous
2026-01-01T09:00:00+00:00,plot_40811,cycle_pepper_1,pepper,Lamuyo,GREENHOUSE,air_temperature,19.45,degC,synthetic_real_data_substitute,,synthetic_model,VALID,0.05,SIMULATED_REAL_DATA_SUBSTITUTE,synthetic,continuous
2026-01-01T09:00:00+00:00,plot_40811,cycle_pepper_1,pepper,Lamuyo,GREENHOUSE,relative_humidity,72.45,%,synthetic_real_data_substitute,,synthetic_model,VALID,0.05,SIMULATED_REAL_DATA_SUBSTITUTE,synthetic,continuous
2026-01-01T09:00:00+00:00,plot_40811,cycle_pepper_1,pepper,Lamuyo,GREENHOUSE,vpd,1.75,kPa,synthetic_real_data_substitute,,synthetic_model,VALID,0.05,SIMULATED_REAL_DATA_SUBSTITUTE,synthetic,continuous
2026-01-01T09:00:00+00:00,plot_40811,cycle_pepper_1,pepper,Lamuyo,GREENHOUSE,solar_radiation,550.45,W_m-2,synthetic_real_data_substitute,,synthetic_model,VALID,0.05,SIMULATED_REAL_DATA_SUBSTITUTE,synthetic,continuous
2026-01-01T09:00:00+00:00,plot_40811,cycle_pepper_1,pepper,Lamuyo,GREENHOUSE,co2,420.45,ppm,synthetic_real_data_substitute,,synthetic_model,VALID,0.05,SIMULATED_REAL_DATA_SUBSTITUTE,synthetic,continuous
2026-01-01T09:00:00+00:00,plot_40811,cycle_pepper_1,pepper,Lamuyo,GREENHOUSE,lai,2.35,m2_m-2,synthetic_real_data_substitute,,synthetic_model,VALID,0.05,SIMULATED_REAL_DATA_SUBSTITUTE,synthetic,continuous
2026-01-01T09:00:00+00:00,plot_40811,cycle_pepper_1,pepper,Lamuyo,GREENHOUSE,biomass,250.45,g_m-2,synthetic_real_data_substitute,,synthetic_model,VALID,0.05,SIMULATED_REAL_DATA_SUBSTITUTE,synthetic,continuous
2026-01-01T09:00:00+00:00,plot_40811,cycle_pepper_1,pepper,Lamuyo,GREENHOUSE,soil_water_content,0.73,m3_m-3,synthetic_real_data_substitute,,synthetic_model,VALID,0.05,SIMULATED_REAL_DATA_SUBSTITUTE,synthetic,continuous
2026-01-01T09:00:00+00:00,plot_40811,cycle_pepper_1,pepper,Lamuyo,GREENHOUSE,yield,1.15,kg_m-2,synthetic_real_data_substitute,,synthetic_model,VALID,0.05,SIMULATED_REAL_DATA_SUBSTITUTE,synthetic,continuous
2026-01-01T09:00:00+00:00,plot_40811,cycle_pepper_1,pepper,Lamuyo,GREENHOUSE,fruit_weight,55.45,g,synthetic_real_data_substitute,,synthetic_model,VALID,0.05,SIMULATED_REAL_DATA_SUBSTITUTE,synthetic,continuous
2026-01-01T15:00:00+00:00,plot_40811,cycle_pepper_1,pepper,Lamuyo,GREENHOUSE,air_temperature,19.75,degC,synthetic_real_data_substitute,,synthetic_model,VALID,0.05,SIMULATED_REAL_DATA_SUBSTITUTE,synthetic,continuous
2026-01-01T15:00:00+00:00,plot_40811,cycle_pepper_1,pepper,Lamuyo,GREENHOUSE,relative_humidity,72.75,%,synthetic_real_data_substitute,,synthetic_model,VALID,0.05,SIMULATED_REAL_DATA_SUBSTITUTE,synthetic,continuous
2026-01-01T15:00:00+00:00,plot_40811,cycle_pepper_1,pepper,Lamuyo,GREENHOUSE,vpd,2.05,kPa,synthetic_real_data_substitute,,synthetic_model,VALID,0.05,SIMULATED_REAL_DATA_SUBSTITUTE,synthetic,continuous
2026-01-01T15:00:00+00:00,plot_40811,cycle_pepper_1,pepper,Lamuyo,GREENHOUSE,solar_radiation,550.75,W_m-2,synthetic_real_data_substitute,,synthetic_model,VALID,0.05,SIMULATED_REAL_DATA_SUBSTITUTE,synthetic,continuous
2026-01-01T15:00:00+00:00,plot_40811,cycle_pepper_1,pepper,Lamuyo,GREENHOUSE,co2,420.75,ppm,synthetic_real_data_substitute,,synthetic_model,VALID,0.05,SIMULATED_REAL_DATA_SUBSTITUTE,synthetic,continuous
2026-01-01T15:00:00+00:00,plot_40811,cycle_pepper_1,pepper,Lamuyo,GREENHOUSE,lai,2.65,m2_m-2,synthetic_real_data_substitute,,synthetic_model,VALID,0.05,SIMULATED_REAL_DATA_SUBSTITUTE,synthetic,continuous
2026-01-01T15:00:00+00:00,plot_40811,cycle_pepper_1,pepper,Lamuyo,GREENHOUSE,biomass,250.75,g_m-2,synthetic_real_data_substitute,,synthetic_model,VALID,0.05,SIMULATED_REAL_DATA_SUBSTITUTE,synthetic,continuous
2026-01-01T15:00:00+00:00,plot_40811,cycle_pepper_1,pepper,Lamuyo,GREENHOUSE,soil_water_content,1.03,m3_m-3,synthetic_real_data_substitute,,synthetic_model,VALID,0.05,SIMULATED_REAL_DATA_SUBSTITUTE,synthetic,continuous
2026-01-01T15:00:00+00:00,plot_40811,cycle_pepper_1,pepper,Lamuyo,GREENHOUSE,yield,1.45,kg_m-2,synthetic_real_data_substitute,,synthetic_model,VALID,0.05,SIMULATED_REAL_DATA_SUBSTITUTE,synthetic,continuous
2026-01-01T15:00:00+00:00,plot_40811,cycle_pepper_1,pepper,Lamuyo,GREENHOUSE,fruit_weight,55.75,g,synthetic_real_data_substitute,,synthetic_model,VALID,0.05,SIMULATED_REAL_DATA_SUBSTITUTE,synthetic,continuous
2026-01-01T21:00:00+00:00,plot_40811,cycle_pepper_1,pepper,Lamuyo,GREENHOUSE,air_temperature,20.05,degC,synthetic_real_data_substitute,,synthetic_model,VALID,0.05,SIMULATED_REAL_DATA_SUBSTITUTE,synthetic,continuous
2026-01-01T21:00:00+00:00,plot_40811,cycle_pepper_1,pepper,Lamuyo,GREENHOUSE,relative_humidity,73.05,%,synthetic_real_data_substitute,,synthetic_model,VALID,0.05,SIMULATED_REAL_DATA_SUBSTITUTE,synthetic,continuous
2026-01-01T21:00:00+00:00,plot_40811,cycle_pepper_1,pepper,Lamuyo,GREENHOUSE,vpd,2.35,kPa,synthetic_real_data_substitute,,synthetic_model,VALID,0.05,SIMULATED_REAL_DATA_SUBSTITUTE,synthetic,continuous
2026-01-01T21:00:00+00:00,plot_40811,cycle_pepper_1,pepper,Lamuyo,GREENHOUSE,solar_radiation,551.05,W_m-2,synthetic_real_data_substitute,,synthetic_model,VALID,0.05,SIMULATED_REAL_DATA_SUBSTITUTE,synthetic,continuous
2026-01-01T21:00:00+00:00,plot_40811,cycle_pepper_1,pepper,Lamuyo,GREENHOUSE,co2,421.05,ppm,synthetic_real_data_substitute,,synthetic_model,VALID,0.05,SIMULATED_REAL_DATA_SUBSTITUTE,synthetic,continuous
2026-01-01T21:00:00+00:00,plot_40811,cycle_pepper_1,pepper,Lamuyo,GREENHOUSE,lai,2.95,m2_m-2,synthetic_real_data_substitute,,synthetic_model,VALID,0.05,SIMULATED_REAL_DATA_SUBSTITUTE,synthetic,continuous
2026-01-01T21:00:00+00:00,plot_40811,cycle_pepper_1,pepper,Lamuyo,GREENHOUSE,biomass,251.05,g_m-2,synthetic_real_data_substitute,,synthetic_model,VALID,0.05,SIMULATED_REAL_DATA_SUBSTITUTE,synthetic,continuous
2026-01-01T21:00:00+00:00,plot_40811,cycle_pepper_1,pepper,Lamuyo,GREENHOUSE,soil_water_content,1.33,m3_m-3,synthetic_real_data_substitute,,synthetic_model,VALID,0.05,SIMULATED_REAL_DATA_SUBSTITUTE,synthetic,continuous
2026-01-01T21:00:00+00:00,plot_40811,cycle_pepper_1,pepper,Lamuyo,GREENHOUSE,yield,1.75,kg_m-2,synthetic_real_data_substitute,,synthetic_model,VALID,0.05,SIMULATED_REAL_DATA_SUBSTITUTE,synthetic,continuous
2026-01-01T21:00:00+00:00,plot_40811,cycle_pepper_1,pepper,Lamuyo,GREENHOUSE,fruit_weight,56.05,g,synthetic_real_data_substitute,,synthetic_model,VALID,0.05,SIMULATED_REAL_DATA_SUBSTITUTE,synthetic,continuous
2026-01-02T03:00:00+00:00,plot_40811,cycle_pepper_1,pepper,Lamuyo,GREENHOUSE,air_temperature,20.35,degC,synthetic_real_data_substitute,,synthetic_model,VALID,0.05,SIMULATED_REAL_DATA_SUBSTITUTE,synthetic,continuous
2026-01-02T03:00:00+00:00,plot_40811,cycle_pepper_1,pepper,Lamuyo,GREENHOUSE,relative_humidity,73.35,%,synthetic_real_data_substitute,,synthetic_model,VALID,0.05,SIMULATED_REAL_DATA_SUBSTITUTE,synthetic,continuous
2026-01-02T03:00:00+00:00,plot_40811,cycle_pepper_1,pepper,Lamuyo,GREENHOUSE,vpd,2.65,kPa,synthetic_real_data_substitute,,synthetic_model,VALID,0.05,SIMULATED_REAL_DATA_SUBSTITUTE,synthetic,continuous
2026-01-02T03:00:00+00:00,plot_40811,cycle_pepper_1,pepper,Lamuyo,GREENHOUSE,solar_radiation,551.35,W_m-2,synthetic_real_data_substitute,,synthetic_model,VALID,0.05,SIMULATED_REAL_DATA_SUBSTITUTE,synthetic,continuous
2026-01-02T03:00:00+00:00,plot_40811,cycle_pepper_1,pepper,Lamuyo,GREENHOUSE,co2,421.35,ppm,synthetic_real_data_substitute,,synthetic_model,VALID,0.05,SIMULATED_REAL_DATA_SUBSTITUTE,synthetic,continuous
2026-01-02T03:00:00+00:00,plot_40811,cycle_pepper_1,pepper,Lamuyo,GREENHOUSE,lai,3.25,m2_m-2,synthetic_real_data_substitute,,synthetic_model,VALID,0.05,SIMULATED_REAL_DATA_SUBSTITUTE,synthetic,continuous
2026-01-02T03:00:00+00:00,plot_40811,cycle_pepper_1,pepper,Lamuyo,GREENHOUSE,biomass,251.35,g_m-2,synthetic_real_data_substitute,,synthetic_model,VALID,0.05,SIMULATED_REAL_DATA_SUBSTITUTE,synthetic,continuous
2026-01-02T03:00:00+00:00,plot_40811,cycle_pepper_1,pepper,Lamuyo,GREENHOUSE,soil_water_content,1.63,m3_m-3,synthetic_real_data_substitute,,synthetic_model,VALID,0.05,SIMULATED_REAL_DATA_SUBSTITUTE,synthetic,continuous
2026-01-02T03:00:00+00:00,plot_40811,cycle_pepper_1,pepper,Lamuyo,GREENHOUSE,yield,2.05,kg_m-2,synthetic_real_data_substitute,,synthetic_model,VALID,0.05,SIMULATED_REAL_DATA_SUBSTITUTE,synthetic,continuous
2026-01-02T03:00:00+00:00,plot_40811,cycle_pepper_1,pepper,Lamuyo,GREENHOUSE,fruit_weight,56.35,g,synthetic_real_data_substitute,,synthetic_model,VALID,0.05,SIMULATED_REAL_DATA_SUBSTITUTE,synthetic,continuous
2026-01-02T09:00:00+00:00,plot_40811,cycle_pepper_1,pepper,Lamuyo,GREENHOUSE,air_temperature,20.65,degC,synthetic_real_data_substitute,,synthetic_model,VALID,0.05,SIMULATED_REAL_DATA_SUBSTITUTE,synthetic,continuous
2026-01-02T09:00:00+00:00,plot_40811,cycle_pepper_1,pepper,Lamuyo,GREENHOUSE,relative_humidity,73.65,%,synthetic_real_data_substitute,,synthetic_model,VALID,0.05,SIMULATED_REAL_DATA_SUBSTITUTE,synthetic,continuous
2026-01-02T09:00:00+00:00,plot_40811,cycle_pepper_1,pepper,Lamuyo,GREENHOUSE,vpd,2.95,kPa,synthetic_real_data_substitute,,synthetic_model,VALID,0.05,SIMULATED_REAL_DATA_SUBSTITUTE,synthetic,continuous
2026-01-02T09:00:00+00:00,plot_40811,cycle_pepper_1,pepper,Lamuyo,GREENHOUSE,solar_radiation,551.65,W_m-2,synthetic_real_data_substitute,,synthetic_model,VALID,0.05,SIMULATED_REAL_DATA_SUBSTITUTE,synthetic,continuous
2026-01-02T09:00:00+00:00,plot_40811,cycle_pepper_1,pepper,Lamuyo,GREENHOUSE,co2,421.65,ppm,synthetic_real_data_substitute,,synthetic_model,VALID,0.05,SIMULATED_REAL_DATA_SUBSTITUTE,synthetic,continuous
2026-01-02T09:00:00+00:00,plot_40811,cycle_pepper_1,pepper,Lamuyo,GREENHOUSE,lai,3.55,m2_m-2,synthetic_real_data_substitute,,synthetic_model,VALID,0.05,SIMULATED_REAL_DATA_SUBSTITUTE,synthetic,continuous
2026-01-02T09:00:00+00:00,plot_40811,cycle_pepper_1,pepper,Lamuyo,GREENHOUSE,biomass,251.65,g_m-2,synthetic_real_data_substitute,,synthetic_model,VALID,0.05,SIMULATED_REAL_DATA_SUBSTITUTE,synthetic,continuous
2026-01-02T09:00:00+00:00,plot_40811,cycle_pepper_1,pepper,Lamuyo,GREENHOUSE,soil_water_content,1.93,m3_m-3,synthetic_real_data_substitute,,synthetic_model,VALID,0.05,SIMULATED_REAL_DATA_SUBSTITUTE,synthetic,continuous
2026-01-02T09:00:00+00:00,plot_40811,cycle_pepper_1,pepper,Lamuyo,GREENHOUSE,yield,2.35,kg_m-2,synthetic_real_data_substitute,,synthetic_model,VALID,0.05,SIMULATED_REAL_DATA_SUBSTITUTE,synthetic,continuous
2026-01-02T09:00:00+00:00,plot_40811,cycle_pepper_1,pepper,Lamuyo,GREENHOUSE,fruit_weight,56.65,g,synthetic_real_data_substitute,,synthetic_model,VALID,0.05,SIMULATED_REAL_DATA_SUBSTITUTE,synthetic,continuous
2026-01-01T12:00:00+00:00,plot_30412,cycle_grape_1,grape,Monastrell,OUTDOOR,air_temperature,19.6,degC,synthetic_real_data_substitute,,synthetic_model,VALID,0.05,SIMULATED_REAL_DATA_SUBSTITUTE,synthetic,continuous
2026-01-01T12:00:00+00:00,plot_30412,cycle_grape_1,grape,Monastrell,OUTDOOR,relative_humidity,72.6,%,synthetic_real_data_substitute,,synthetic_model,VALID,0.05,SIMULATED_REAL_DATA_SUBSTITUTE,synthetic,continuous
2026-01-01T12:00:00+00:00,plot_30412,cycle_grape_1,grape,Monastrell,OUTDOOR,vpd,1.9,kPa,synthetic_real_data_substitute,,synthetic_model,VALID,0.05,SIMULATED_REAL_DATA_SUBSTITUTE,synthetic,continuous
2026-01-01T12:00:00+00:00,plot_30412,cycle_grape_1,grape,Monastrell,OUTDOOR,solar_radiation,550.6,W_m-2,synthetic_real_data_substitute,,synthetic_model,VALID,0.05,SIMULATED_REAL_DATA_SUBSTITUTE,synthetic,continuous
2026-01-01T12:00:00+00:00,plot_30412,cycle_grape_1,grape,Monastrell,OUTDOOR,co2,420.6,ppm,synthetic_real_data_substitute,,synthetic_model,VALID,0.05,SIMULATED_REAL_DATA_SUBSTITUTE,synthetic,continuous
2026-01-01T12:00:00+00:00,plot_30412,cycle_grape_1,grape,Monastrell,OUTDOOR,lai,2.5,m2_m-2,synthetic_real_data_substitute,,synthetic_model,VALID,0.05,SIMULATED_REAL_DATA_SUBSTITUTE,synthetic,continuous
2026-01-01T12:00:00+00:00,plot_30412,cycle_grape_1,grape,Monastrell,OUTDOOR,biomass,250.6,g_m-2,synthetic_real_data_substitute,,synthetic_model,VALID,0.05,SIMULATED_REAL_DATA_SUBSTITUTE,synthetic,continuous
2026-01-01T12:00:00+00:00,plot_30412,cycle_grape_1,grape,Monastrell,OUTDOOR,soil_water_content,0.88,m3_m-3,synthetic_real_data_substitute,,synthetic_model,VALID,0.05,SIMULATED_REAL_DATA_SUBSTITUTE,synthetic,continuous
2026-01-01T12:00:00+00:00,plot_30412,cycle_grape_1,grape,Monastrell,OUTDOOR,yield,1.3,kg_m-2,synthetic_real_data_substitute,,synthetic_model,VALID,0.05,SIMULATED_REAL_DATA_SUBSTITUTE,synthetic,continuous
2026-01-01T12:00:00+00:00,plot_30412,cycle_grape_1,grape,Monastrell,OUTDOOR,fruit_weight,55.6,g,synthetic_real_data_substitute,,synthetic_model,VALID,0.05,SIMULATED_REAL_DATA_SUBSTITUTE,synthetic,continuous
2026-01-01T18:00:00+00:00,plot_30412,cycle_grape_1,grape,Monastrell,OUTDOOR,air_temperature,19.9,degC,synthetic_real_data_substitute,,synthetic_model,VALID,0.05,SIMULATED_REAL_DATA_SUBSTITUTE,synthetic,continuous
2026-01-01T18:00:00+00:00,plot_30412,cycle_grape_1,grape,Monastrell,OUTDOOR,relative_humidity,72.9,%,synthetic_real_data_substitute,,synthetic_model,VALID,0.05,SIMULATED_REAL_DATA_SUBSTITUTE,synthetic,continuous
2026-01-01T18:00:00+00:00,plot_30412,cycle_grape_1,grape,Monastrell,OUTDOOR,vpd,2.2,kPa,synthetic_real_data_substitute,,synthetic_model,VALID,0.05,SIMULATED_REAL_DATA_SUBSTITUTE,synthetic,continuous
2026-01-01T18:00:00+00:00,plot_30412,cycle_grape_1,grape,Monastrell,OUTDOOR,solar_radiation,550.9,W_m-2,synthetic_real_data_substitute,,synthetic_model,VALID,0.05,SIMULATED_REAL_DATA_SUBSTITUTE,synthetic,continuous
2026-01-01T18:00:00+00:00,plot_30412,cycle_grape_1,grape,Monastrell,OUTDOOR,co2,420.9,ppm,synthetic_real_data_substitute,,synthetic_model,VALID,0.05,SIMULATED_REAL_DATA_SUBSTITUTE,synthetic,continuous
2026-01-01T18:00:00+00:00,plot_30412,cycle_grape_1,grape,Monastrell,OUTDOOR,lai,2.8,m2_m-2,synthetic_real_data_substitute,,synthetic_model,VALID,0.05,SIMULATED_REAL_DATA_SUBSTITUTE,synthetic,continuous
2026-01-01T18:00:00+00:00,plot_30412,cycle_grape_1,grape,Monastrell,OUTDOOR,biomass,250.9,g_m-2,synthetic_real_data_substitute,,synthetic_model,VALID,0.05,SIMULATED_REAL_DATA_SUBSTITUTE,synthetic,continuous
2026-01-01T18:00:00+00:00,plot_30412,cycle_grape_1,grape,Monastrell,OUTDOOR,soil_water_content,1.18,m3_m-3,synthetic_real_data_substitute,,synthetic_model,VALID,0.05,SIMULATED_REAL_DATA_SUBSTITUTE,synthetic,continuous
2026-01-01T18:00:00+00:00,plot_30412,cycle_grape_1,grape,Monastrell,OUTDOOR,yield,1.6,kg_m-2,synthetic_real_data_substitute,,synthetic_model,VALID,0.05,SIMULATED_REAL_DATA_SUBSTITUTE,synthetic,continuous
2026-01-01T18:00:00+00:00,plot_30412,cycle_grape_1,grape,Monastrell,OUTDOOR,fruit_weight,55.9,g,synthetic_real_data_substitute,,synthetic_model,VALID,0.05,SIMULATED_REAL_DATA_SUBSTITUTE,synthetic,continuous
2026-01-02T00:00:00+00:00,plot_30412,cycle_grape_1,grape,Monastrell,OUTDOOR,air_temperature,20.2,degC,synthetic_real_data_substitute,,synthetic_model,VALID,0.05,SIMULATED_REAL_DATA_SUBSTITUTE,synthetic,continuous
2026-01-02T00:00:00+00:00,plot_30412,cycle_grape_1,grape,Monastrell,OUTDOOR,relative_humidity,73.2,%,synthetic_real_data_substitute,,synthetic_model,VALID,0.05,SIMULATED_REAL_DATA_SUBSTITUTE,synthetic,continuous
2026-01-02T00:00:00+00:00,plot_30412,cycle_grape_1,grape,Monastrell,OUTDOOR,vpd,2.5,kPa,synthetic_real_data_substitute,,synthetic_model,VALID,0.05,SIMULATED_REAL_DATA_SUBSTITUTE,synthetic,continuous
2026-01-02T00:00:00+00:00,plot_30412,cycle_grape_1,grape,Monastrell,OUTDOOR,solar_radiation,551.2,W_m-2,synthetic_real_data_substitute,,synthetic_model,VALID,0.05,SIMULATED_REAL_DATA_SUBSTITUTE,synthetic,continuous
2026-01-02T00:00:00+00:00,plot_30412,cycle_grape_1,grape,Monastrell,OUTDOOR,co2,421.2,ppm,synthetic_real_data_substitute,,synthetic_model,VALID,0.05,SIMULATED_REAL_DATA_SUBSTITUTE,synthetic,continuous
2026-01-02T00:00:00+00:00,plot_30412,cycle_grape_1,grape,Monastrell,OUTDOOR,lai,3.1,m2_m-2,synthetic_real_data_substitute,,synthetic_model,VALID,0.05,SIMULATED_REAL_DATA_SUBSTITUTE,synthetic,continuous
2026-01-02T00:00:00+00:00,plot_30412,cycle_grape_1,grape,Monastrell,OUTDOOR,biomass,251.2,g_m-2,synthetic_real_data_substitute,,synthetic_model,VALID,0.05,SIMULATED_REAL_DATA_SUBSTITUTE,synthetic,continuous
2026-01-02T00:00:00+00:00,plot_30412,cycle_grape_1,grape,Monastrell,OUTDOOR,soil_water_content,1.48,m3_m-3,synthetic_real_data_substitute,,synthetic_model,VALID,0.05,SIMULATED_REAL_DATA_SUBSTITUTE,synthetic,continuous
2026-01-02T00:00:00+00:00,plot_30412,cycle_grape_1,grape,Monastrell,OUTDOOR,yield,1.9,kg_m-2,synthetic_real_data_substitute,,synthetic_model,VALID,0.05,SIMULATED_REAL_DATA_SUBSTITUTE,synthetic,continuous
2026-01-02T00:00:00+00:00,plot_30412,cycle_grape_1,grape,Monastrell,OUTDOOR,fruit_weight,56.2,g,synthetic_real_data_substitute,,synthetic_model,VALID,0.05,SIMULATED_REAL_DATA_SUBSTITUTE,synthetic,continuous
2026-01-02T06:00:00+00:00,plot_30412,cycle_grape_1,grape,Monastrell,OUTDOOR,air_temperature,20.5,degC,synthetic_real_data_substitute,,synthetic_model,VALID,0.05,SIMULATED_REAL_DATA_SUBSTITUTE,synthetic,continuous
2026-01-02T06:00:00+00:00,plot_30412,cycle_grape_1,grape,Monastrell,OUTDOOR,relative_humidity,73.5,%,synthetic_real_data_substitute,,synthetic_model,VALID,0.05,SIMULATED_REAL_DATA_SUBSTITUTE,synthetic,continuous
2026-01-02T06:00:00+00:00,plot_30412,cycle_grape_1,grape,Monastrell,OUTDOOR,vpd,2.8,kPa,synthetic_real_data_substitute,,synthetic_model,VALID,0.05,SIMULATED_REAL_DATA_SUBSTITUTE,synthetic,continuous
2026-01-02T06:00:00+00:00,plot_30412,cycle_grape_1,grape,Monastrell,OUTDOOR,solar_radiation,551.5,W_m-2,synthetic_real_data_substitute,,synthetic_model,VALID,0.05,SIMULATED_REAL_DATA_SUBSTITUTE,synthetic,continuous
2026-01-02T06:00:00+00:00,plot_30412,cycle_grape_1,grape,Monastrell,OUTDOOR,co2,421.5,ppm,synthetic_real_data_substitute,,synthetic_model,VALID,0.05,SIMULATED_REAL_DATA_SUBSTITUTE,synthetic,continuous
2026-01-02T06:00:00+00:00,plot_30412,cycle_grape_1,grape,Monastrell,OUTDOOR,lai,3.4,m2_m-2,synthetic_real_data_substitute,,synthetic_model,VALID,0.05,SIMULATED_REAL_DATA_SUBSTITUTE,synthetic,continuous
2026-01-02T06:00:00+00:00,plot_30412,cycle_grape_1,grape,Monastrell,OUTDOOR,biomass,251.5,g_m-2,synthetic_real_data_substitute,,synthetic_model,VALID,0.05,SIMULATED_REAL_DATA_SUBSTITUTE,synthetic,continuous
2026-01-02T06:00:00+00:00,plot_30412,cycle_grape_1,grape,Monastrell,OUTDOOR,soil_water_content,1.78,m3_m-3,synthetic_real_data_substitute,,synthetic_model,VALID,0.05,SIMULATED_REAL_DATA_SUBSTITUTE,synthetic,continuous
2026-01-02T06:00:00+00:00,plot_30412,cycle_grape_1,grape,Monastrell,OUTDOOR,yield,2.2,kg_m-2,synthetic_real_data_substitute,,synthetic_model,VALID,0.05,SIMULATED_REAL_DATA_SUBSTITUTE,synthetic,continuous
2026-01-02T06:00:00+00:00,plot_30412,cycle_grape_1,grape,Monastrell,OUTDOOR,fruit_weight,56.5,g,synthetic_real_data_substitute,,synthetic_model,VALID,0.05,SIMULATED_REAL_DATA_SUBSTITUTE,synthetic,continuous
2026-01-02T12:00:00+00:00,plot_30412,cycle_grape_1,grape,Monastrell,OUTDOOR,air_temperature,20.8,degC,synthetic_real_data_substitute,,synthetic_model,VALID,0.05,SIMULATED_REAL_DATA_SUBSTITUTE,synthetic,continuous
2026-01-02T12:00:00+00:00,plot_30412,cycle_grape_1,grape,Monastrell,OUTDOOR,relative_humidity,73.8,%,synthetic_real_data_substitute,,synthetic_model,VALID,0.05,SIMULATED_REAL_DATA_SUBSTITUTE,synthetic,continuous
2026-01-02T12:00:00+00:00,plot_30412,cycle_grape_1,grape,Monastrell,OUTDOOR,vpd,3.1,kPa,synthetic_real_data_substitute,,synthetic_model,VALID,0.05,SIMULATED_REAL_DATA_SUBSTITUTE,synthetic,continuous
2026-01-02T12:00:00+00:00,plot_30412,cycle_grape_1,grape,Monastrell,OUTDOOR,solar_radiation,551.8,W_m-2,synthetic_real_data_substitute,,synthetic_model,VALID,0.05,SIMULATED_REAL_DATA_SUBSTITUTE,synthetic,continuous
2026-01-02T12:00:00+00:00,plot_30412,cycle_grape_1,grape,Monastrell,OUTDOOR,co2,421.8,ppm,synthetic_real_data_substitute,,synthetic_model,VALID,0.05,SIMULATED_REAL_DATA_SUBSTITUTE,synthetic,continuous
2026-01-02T12:00:00+00:00,plot_30412,cycle_grape_1,grape,Monastrell,OUTDOOR,lai,3.7,m2_m-2,synthetic_real_data_substitute,,synthetic_model,VALID,0.05,SIMULATED_REAL_DATA_SUBSTITUTE,synthetic,continuous
2026-01-02T12:00:00+00:00,plot_30412,cycle_grape_1,grape,Monastrell,OUTDOOR,biomass,251.8,g_m-2,synthetic_real_data_substitute,,synthetic_model,VALID,0.05,SIMULATED_REAL_DATA_SUBSTITUTE,synthetic,continuous
2026-01-02T12:00:00+00:00,plot_30412,cycle_grape_1,grape,Monastrell,OUTDOOR,soil_water_content,2.08,m3_m-3,synthetic_real_data_substitute,,synthetic_model,VALID,0.05,SIMULATED_REAL_DATA_SUBSTITUTE,synthetic,continuous
2026-01-02T12:00:00+00:00,plot_30412,cycle_grape_1,grape,Monastrell,OUTDOOR,yield,2.5,kg_m-2,synthetic_real_data_substitute,,synthetic_model,VALID,0.05,SIMULATED_REAL_DATA_SUBSTITUTE,synthetic,continuous
2026-01-02T12:00:00+00:00,plot_30412,cycle_grape_1,grape,Monastrell,OUTDOOR,fruit_weight,56.8,g,synthetic_real_data_substitute,,synthetic_model,VALID,0.05,SIMULATED_REAL_DATA_SUBSTITUTE,synthetic,continuous
2026-01-01T15:00:00+00:00,plot_20500,cycle_peach_1,peach,,OUTDOOR,air_temperature,19.75,degC,synthetic_real_data_substitute,,synthetic_model,VALID,0.05,SIMULATED_REAL_DATA_SUBSTITUTE,synthetic,continuous
2026-01-01T15:00:00+00:00,plot_20500,cycle_peach_1,peach,,OUTDOOR,relative_humidity,72.75,%,synthetic_real_data_substitute,,synthetic_model,VALID,0.05,SIMULATED_REAL_DATA_SUBSTITUTE,synthetic,continuous
2026-01-01T15:00:00+00:00,plot_20500,cycle_peach_1,peach,,OUTDOOR,vpd,2.05,kPa,synthetic_real_data_substitute,,synthetic_model,VALID,0.05,SIMULATED_REAL_DATA_SUBSTITUTE,synthetic,continuous
2026-01-01T15:00:00+00:00,plot_20500,cycle_peach_1,peach,,OUTDOOR,solar_radiation,550.75,W_m-2,synthetic_real_data_substitute,,synthetic_model,VALID,0.05,SIMULATED_REAL_DATA_SUBSTITUTE,synthetic,continuous
2026-01-01T15:00:00+00:00,plot_20500,cycle_peach_1,peach,,OUTDOOR,co2,420.75,ppm,synthetic_real_data_substitute,,synthetic_model,VALID,0.05,SIMULATED_REAL_DATA_SUBSTITUTE,synthetic,continuous
2026-01-01T15:00:00+00:00,plot_20500,cycle_peach_1,peach,,OUTDOOR,lai,2.65,m2_m-2,synthetic_real_data_substitute,,synthetic_model,VALID,0.05,SIMULATED_REAL_DATA_SUBSTITUTE,synthetic,continuous
2026-01-01T15:00:00+00:00,plot_20500,cycle_peach_1,peach,,OUTDOOR,biomass,250.75,g_m-2,synthetic_real_data_substitute,,synthetic_model,VALID,0.05,SIMULATED_REAL_DATA_SUBSTITUTE,synthetic,continuous
2026-01-01T15:00:00+00:00,plot_20500,cycle_peach_1,peach,,OUTDOOR,soil_water_content,1.03,m3_m-3,synthetic_real_data_substitute,,synthetic_model,VALID,0.05,SIMULATED_REAL_DATA_SUBSTITUTE,synthetic,continuous
2026-01-01T15:00:00+00:00,plot_20500,cycle_peach_1,peach,,OUTDOOR,yield,1.45,kg_m-2,synthetic_real_data_substitute,,synthetic_model,VALID,0.05,SIMULATED_REAL_DATA_SUBSTITUTE,synthetic,continuous
2026-01-01T15:00:00+00:00,plot_20500,cycle_peach_1,peach,,OUTDOOR,fruit_weight,55.75,g,synthetic_real_data_substitute,,synthetic_model,VALID,0.05,SIMULATED_REAL_DATA_SUBSTITUTE,synthetic,continuous
2026-01-01T21:00:00+00:00,plot_20500,cycle_peach_1,peach,,OUTDOOR,air_temperature,20.05,degC,synthetic_real_data_substitute,,synthetic_model,VALID,0.05,SIMULATED_REAL_DATA_SUBSTITUTE,synthetic,continuous
2026-01-01T21:00:00+00:00,plot_20500,cycle_peach_1,peach,,OUTDOOR,relative_humidity,73.05,%,synthetic_real_data_substitute,,synthetic_model,VALID,0.05,SIMULATED_REAL_DATA_SUBSTITUTE,synthetic,continuous
2026-01-01T21:00:00+00:00,plot_20500,cycle_peach_1,peach,,OUTDOOR,vpd,2.35,kPa,synthetic_real_data_substitute,,synthetic_model,VALID,0.05,SIMULATED_REAL_DATA_SUBSTITUTE,synthetic,continuous
2026-01-01T21:00:00+00:00,plot_20500,cycle_peach_1,peach,,OUTDOOR,solar_radiation,551.05,W_m-2,synthetic_real_data_substitute,,synthetic_model,VALID,0.05,SIMULATED_REAL_DATA_SUBSTITUTE,synthetic,continuous
2026-01-01T21:00:00+00:00,plot_20500,cycle_peach_1,peach,,OUTDOOR,co2,421.05,ppm,synthetic_real_data_substitute,,synthetic_model,VALID,0.05,SIMULATED_REAL_DATA_SUBSTITUTE,synthetic,continuous
2026-01-01T21:00:00+00:00,plot_20500,cycle_peach_1,peach,,OUTDOOR,lai,2.95,m2_m-2,synthetic_real_data_substitute,,synthetic_model,VALID,0.05,SIMULATED_REAL_DATA_SUBSTITUTE,synthetic,continuous
2026-01-01T21:00:00+00:00,plot_20500,cycle_peach_1,peach,,OUTDOOR,biomass,251.05,g_m-2,synthetic_real_data_substitute,,synthetic_model,VALID,0.05,SIMULATED_REAL_DATA_SUBSTITUTE,synthetic,continuous
2026-01-01T21:00:00+00:00,plot_20500,cycle_peach_1,peach,,OUTDOOR,soil_water_content,1.33,m3_m-3,synthetic_real_data_substitute,,synthetic_model,VALID,0.05,SIMULATED_REAL_DATA_SUBSTITUTE,synthetic,continuous
2026-01-01T21:00:00+00:00,plot_20500,cycle_peach_1,peach,,OUTDOOR,yield,1.75,kg_m-2,synthetic_real_data_substitute,,synthetic_model,VALID,0.05,SIMULATED_REAL_DATA_SUBSTITUTE,synthetic,continuous
2026-01-01T21:00:00+00:00,plot_20500,cycle_peach_1,peach,,OUTDOOR,fruit_weight,56.05,g,synthetic_real_data_substitute,,synthetic_model,VALID,0.05,SIMULATED_REAL_DATA_SUBSTITUTE,synthetic,continuous
2026-01-02T03:00:00+00:00,plot_20500,cycle_peach_1,peach,,OUTDOOR,air_temperature,20.35,degC,synthetic_real_data_substitute,,synthetic_model,VALID,0.05,SIMULATED_REAL_DATA_SUBSTITUTE,synthetic,continuous
2026-01-02T03:00:00+00:00,plot_20500,cycle_peach_1,peach,,OUTDOOR,relative_humidity,73.35,%,synthetic_real_data_substitute,,synthetic_model,VALID,0.05,SIMULATED_REAL_DATA_SUBSTITUTE,synthetic,continuous
2026-01-02T03:00:00+00:00,plot_20500,cycle_peach_1,peach,,OUTDOOR,vpd,2.65,kPa,synthetic_real_data_substitute,,synthetic_model,VALID,0.05,SIMULATED_REAL_DATA_SUBSTITUTE,synthetic,continuous
2026-01-02T03:00:00+00:00,plot_20500,cycle_peach_1,peach,,OUTDOOR,solar_radiation,551.35,W_m-2,synthetic_real_data_substitute,,synthetic_model,VALID,0.05,SIMULATED_REAL_DATA_SUBSTITUTE,synthetic,continuous
2026-01-02T03:00:00+00:00,plot_20500,cycle_peach_1,peach,,OUTDOOR,co2,421.35,ppm,synthetic_real_data_substitute,,synthetic_model,VALID,0.05,SIMULATED_REAL_DATA_SUBSTITUTE,synthetic,continuous
2026-01-02T03:00:00+00:00,plot_20500,cycle_peach_1,peach,,OUTDOOR,lai,3.25,m2_m-2,synthetic_real_data_substitute,,synthetic_model,VALID,0.05,SIMULATED_REAL_DATA_SUBSTITUTE,synthetic,continuous
2026-01-02T03:00:00+00:00,plot_20500,cycle_peach_1,peach,,OUTDOOR,biomass,251.35,g_m-2,synthetic_real_data_substitute,,synthetic_model,VALID,0.05,SIMULATED_REAL_DATA_SUBSTITUTE,synthetic,continuous
2026-01-02T03:00:00+00:00,plot_20500,cycle_peach_1,peach,,OUTDOOR,soil_water_content,1.63,m3_m-3,synthetic_real_data_substitute,,synthetic_model,VALID,0.05,SIMULATED_REAL_DATA_SUBSTITUTE,synthetic,continuous
2026-01-02T03:00:00+00:00,plot_20500,cycle_peach_1,peach,,OUTDOOR,yield,2.05,kg_m-2,synthetic_real_data_substitute,,synthetic_model,VALID,0.05,SIMULATED_REAL_DATA_SUBSTITUTE,synthetic,continuous
2026-01-02T03:00:00+00:00,plot_20500,cycle_peach_1,peach,,OUTDOOR,fruit_weight,56.35,g,synthetic_real_data_substitute,,synthetic_model,VALID,0.05,SIMULATED_REAL_DATA_SUBSTITUTE,synthetic,continuous
2026-01-02T09:00:00+00:00,plot_20500,cycle_peach_1,peach,,OUTDOOR,air_temperature,20.65,degC,synthetic_real_data_substitute,,synthetic_model,VALID,0.05,SIMULATED_REAL_DATA_SUBSTITUTE,synthetic,continuous
2026-01-02T09:00:00+00:00,plot_20500,cycle_peach_1,peach,,OUTDOOR,relative_humidity,73.65,%,synthetic_real_data_substitute,,synthetic_model,VALID,0.05,SIMULATED_REAL_DATA_SUBSTITUTE,synthetic,continuous
2026-01-02T09:00:00+00:00,plot_20500,cycle_peach_1,peach,,OUTDOOR,vpd,2.95,kPa,synthetic_real_data_substitute,,synthetic_model,VALID,0.05,SIMULATED_REAL_DATA_SUBSTITUTE,synthetic,continuous
2026-01-02T09:00:00+00:00,plot_20500,cycle_peach_1,peach,,OUTDOOR,solar_radiation,551.65,W_m-2,synthetic_real_data_substitute,,synthetic_model,VALID,0.05,SIMULATED_REAL_DATA_SUBSTITUTE,synthetic,continuous
2026-01-02T09:00:00+00:00,plot_20500,cycle_peach_1,peach,,OUTDOOR,co2,421.65,ppm,synthetic_real_data_substitute,,synthetic_model,VALID,0.05,SIMULATED_REAL_DATA_SUBSTITUTE,synthetic,continuous
2026-01-02T09:00:00+00:00,plot_20500,cycle_peach_1,peach,,OUTDOOR,lai,3.55,m2_m-2,synthetic_real_data_substitute,,synthetic_model,VALID,0.05,SIMULATED_REAL_DATA_SUBSTITUTE,synthetic,continuous
2026-01-02T09:00:00+00:00,plot_20500,cycle_peach_1,peach,,OUTDOOR,biomass,251.65,g_m-2,synthetic_real_data_substitute,,synthetic_model,VALID,0.05,SIMULATED_REAL_DATA_SUBSTITUTE,synthetic,continuous
2026-01-02T09:00:00+00:00,plot_20500,cycle_peach_1,peach,,OUTDOOR,soil_water_content,1.93,m3_m-3,synthetic_real_data_substitute,,synthetic_model,VALID,0.05,SIMULATED_REAL_DATA_SUBSTITUTE,synthetic,continuous
2026-01-02T09:00:00+00:00,plot_20500,cycle_peach_1,peach,,OUTDOOR,yield,2.35,kg_m-2,synthetic_real_data_substitute,,synthetic_model,VALID,0.05,SIMULATED_REAL_DATA_SUBSTITUTE,synthetic,continuous
2026-01-02T09:00:00+00:00,plot_20500,cycle_peach_1,peach,,OUTDOOR,fruit_weight,56.65,g,synthetic_real_data_substitute,,synthetic_model,VALID,0.05,SIMULATED_REAL_DATA_SUBSTITUTE,synthetic,continuous
2026-01-02T15:00:00+00:00,plot_20500,cycle_peach_1,peach,,OUTDOOR,air_temperature,20.95,degC,synthetic_real_data_substitute,,synthetic_model,VALID,0.05,SIMULATED_REAL_DATA_SUBSTITUTE,synthetic,continuous
2026-01-02T15:00:00+00:00,plot_20500,cycle_peach_1,peach,,OUTDOOR,relative_humidity,73.95,%,synthetic_real_data_substitute,,synthetic_model,VALID,0.05,SIMULATED_REAL_DATA_SUBSTITUTE,synthetic,continuous
2026-01-02T15:00:00+00:00,plot_20500,cycle_peach_1,peach,,OUTDOOR,vpd,3.25,kPa,synthetic_real_data_substitute,,synthetic_model,VALID,0.05,SIMULATED_REAL_DATA_SUBSTITUTE,synthetic,continuous
2026-01-02T15:00:00+00:00,plot_20500,cycle_peach_1,peach,,OUTDOOR,solar_radiation,551.95,W_m-2,synthetic_real_data_substitute,,synthetic_model,VALID,0.05,SIMULATED_REAL_DATA_SUBSTITUTE,synthetic,continuous
2026-01-02T15:00:00+00:00,plot_20500,cycle_peach_1,peach,,OUTDOOR,co2,421.95,ppm,synthetic_real_data_substitute,,synthetic_model,VALID,0.05,SIMULATED_REAL_DATA_SUBSTITUTE,synthetic,continuous
2026-01-02T15:00:00+00:00,plot_20500,cycle_peach_1,peach,,OUTDOOR,lai,3.85,m2_m-2,synthetic_real_data_substitute,,synthetic_model,VALID,0.05,SIMULATED_REAL_DATA_SUBSTITUTE,synthetic,continuous
2026-01-02T15:00:00+00:00,plot_20500,cycle_peach_1,peach,,OUTDOOR,biomass,251.95,g_m-2,synthetic_real_data_substitute,,synthetic_model,VALID,0.05,SIMULATED_REAL_DATA_SUBSTITUTE,synthetic,continuous
2026-01-02T15:00:00+00:00,plot_20500,cycle_peach_1,peach,,OUTDOOR,soil_water_content,2.23,m3_m-3,synthetic_real_data_substitute,,synthetic_model,VALID,0.05,SIMULATED_REAL_DATA_SUBSTITUTE,synthetic,continuous
2026-01-02T15:00:00+00:00,plot_20500,cycle_peach_1,peach,,OUTDOOR,yield,2.65,kg_m-2,synthetic_real_data_substitute,,synthetic_model,VALID,0.05,SIMULATED_REAL_DATA_SUBSTITUTE,synthetic,continuous
2026-01-02T15:00:00+00:00,plot_20500,cycle_peach_1,peach,,OUTDOOR,fruit_weight,56.95,g,synthetic_real_data_substitute,,synthetic_model,VALID,0.05,SIMULATED_REAL_DATA_SUBSTITUTE,synthetic,continuous
2026-01-01T18:00:00+00:00,plot_14705,cycle_plum_1,plum,Suplum 26,OUTDOOR,air_temperature,19.9,degC,synthetic_real_data_substitute,,synthetic_model,VALID,0.05,SIMULATED_REAL_DATA_SUBSTITUTE,synthetic,continuous
2026-01-01T18:00:00+00:00,plot_14705,cycle_plum_1,plum,Suplum 26,OUTDOOR,relative_humidity,72.9,%,synthetic_real_data_substitute,,synthetic_model,VALID,0.05,SIMULATED_REAL_DATA_SUBSTITUTE,synthetic,continuous
2026-01-01T18:00:00+00:00,plot_14705,cycle_plum_1,plum,Suplum 26,OUTDOOR,vpd,2.2,kPa,synthetic_real_data_substitute,,synthetic_model,VALID,0.05,SIMULATED_REAL_DATA_SUBSTITUTE,synthetic,continuous
2026-01-01T18:00:00+00:00,plot_14705,cycle_plum_1,plum,Suplum 26,OUTDOOR,solar_radiation,550.9,W_m-2,synthetic_real_data_substitute,,synthetic_model,VALID,0.05,SIMULATED_REAL_DATA_SUBSTITUTE,synthetic,continuous
2026-01-01T18:00:00+00:00,plot_14705,cycle_plum_1,plum,Suplum 26,OUTDOOR,co2,420.9,ppm,synthetic_real_data_substitute,,synthetic_model,VALID,0.05,SIMULATED_REAL_DATA_SUBSTITUTE,synthetic,continuous
2026-01-01T18:00:00+00:00,plot_14705,cycle_plum_1,plum,Suplum 26,OUTDOOR,lai,2.8,m2_m-2,synthetic_real_data_substitute,,synthetic_model,VALID,0.05,SIMULATED_REAL_DATA_SUBSTITUTE,synthetic,continuous
2026-01-01T18:00:00+00:00,plot_14705,cycle_plum_1,plum,Suplum 26,OUTDOOR,biomass,250.9,g_m-2,synthetic_real_data_substitute,,synthetic_model,VALID,0.05,SIMULATED_REAL_DATA_SUBSTITUTE,synthetic,continuous
2026-01-01T18:00:00+00:00,plot_14705,cycle_plum_1,plum,Suplum 26,OUTDOOR,soil_water_content,1.18,m3_m-3,synthetic_real_data_substitute,,synthetic_model,VALID,0.05,SIMULATED_REAL_DATA_SUBSTITUTE,synthetic,continuous
2026-01-01T18:00:00+00:00,plot_14705,cycle_plum_1,plum,Suplum 26,OUTDOOR,yield,1.6,kg_m-2,synthetic_real_data_substitute,,synthetic_model,VALID,0.05,SIMULATED_REAL_DATA_SUBSTITUTE,synthetic,continuous
2026-01-01T18:00:00+00:00,plot_14705,cycle_plum_1,plum,Suplum 26,OUTDOOR,fruit_weight,55.9,g,synthetic_real_data_substitute,,synthetic_model,VALID,0.05,SIMULATED_REAL_DATA_SUBSTITUTE,synthetic,continuous
2026-01-02T00:00:00+00:00,plot_14705,cycle_plum_1,plum,Suplum 26,OUTDOOR,air_temperature,20.2,degC,synthetic_real_data_substitute,,synthetic_model,VALID,0.05,SIMULATED_REAL_DATA_SUBSTITUTE,synthetic,continuous
2026-01-02T00:00:00+00:00,plot_14705,cycle_plum_1,plum,Suplum 26,OUTDOOR,relative_humidity,73.2,%,synthetic_real_data_substitute,,synthetic_model,VALID,0.05,SIMULATED_REAL_DATA_SUBSTITUTE,synthetic,continuous
2026-01-02T00:00:00+00:00,plot_14705,cycle_plum_1,plum,Suplum 26,OUTDOOR,vpd,2.5,kPa,synthetic_real_data_substitute,,synthetic_model,VALID,0.05,SIMULATED_REAL_DATA_SUBSTITUTE,synthetic,continuous
2026-01-02T00:00:00+00:00,plot_14705,cycle_plum_1,plum,Suplum 26,OUTDOOR,solar_radiation,551.2,W_m-2,synthetic_real_data_substitute,,synthetic_model,VALID,0.05,SIMULATED_REAL_DATA_SUBSTITUTE,synthetic,continuous
2026-01-02T00:00:00+00:00,plot_14705,cycle_plum_1,plum,Suplum 26,OUTDOOR,co2,421.2,ppm,synthetic_real_data_substitute,,synthetic_model,VALID,0.05,SIMULATED_REAL_DATA_SUBSTITUTE,synthetic,continuous
2026-01-02T00:00:00+00:00,plot_14705,cycle_plum_1,plum,Suplum 26,OUTDOOR,lai,3.1,m2_m-2,synthetic_real_data_substitute,,synthetic_model,VALID,0.05,SIMULATED_REAL_DATA_SUBSTITUTE,synthetic,continuous
2026-01-02T00:00:00+00:00,plot_14705,cycle_plum_1,plum,Suplum 26,OUTDOOR,biomass,251.2,g_m-2,synthetic_real_data_substitute,,synthetic_model,VALID,0.05,SIMULATED_REAL_DATA_SUBSTITUTE,synthetic,continuous
2026-01-02T00:00:00+00:00,plot_14705,cycle_plum_1,plum,Suplum 26,OUTDOOR,soil_water_content,1.48,m3_m-3,synthetic_real_data_substitute,,synthetic_model,VALID,0.05,SIMULATED_REAL_DATA_SUBSTITUTE,synthetic,continuous
2026-01-02T00:00:00+00:00,plot_14705,cycle_plum_1,plum,Suplum 26,OUTDOOR,yield,1.9,kg_m-2,synthetic_real_data_substitute,,synthetic_model,VALID,0.05,SIMULATED_REAL_DATA_SUBSTITUTE,synthetic,continuous
2026-01-02T00:00:00+00:00,plot_14705,cycle_plum_1,plum,Suplum 26,OUTDOOR,fruit_weight,56.2,g,synthetic_real_data_substitute,,synthetic_model,VALID,0.05,SIMULATED_REAL_DATA_SUBSTITUTE,synthetic,continuous
2026-01-02T06:00:00+00:00,plot_14705,cycle_plum_1,plum,Suplum 26,OUTDOOR,air_temperature,20.5,degC,synthetic_real_data_substitute,,synthetic_model,VALID,0.05,SIMULATED_REAL_DATA_SUBSTITUTE,synthetic,continuous
2026-01-02T06:00:00+00:00,plot_14705,cycle_plum_1,plum,Suplum 26,OUTDOOR,relative_humidity,73.5,%,synthetic_real_data_substitute,,synthetic_model,VALID,0.05,SIMULATED_REAL_DATA_SUBSTITUTE,synthetic,continuous
2026-01-02T06:00:00+00:00,plot_14705,cycle_plum_1,plum,Suplum 26,OUTDOOR,vpd,2.8,kPa,synthetic_real_data_substitute,,synthetic_model,VALID,0.05,SIMULATED_REAL_DATA_SUBSTITUTE,synthetic,continuous
2026-01-02T06:00:00+00:00,plot_14705,cycle_plum_1,plum,Suplum 26,OUTDOOR,solar_radiation,551.5,W_m-2,synthetic_real_data_substitute,,synthetic_model,VALID,0.05,SIMULATED_REAL_DATA_SUBSTITUTE,synthetic,continuous
2026-01-02T06:00:00+00:00,plot_14705,cycle_plum_1,plum,Suplum 26,OUTDOOR,co2,421.5,ppm,synthetic_real_data_substitute,,synthetic_model,VALID,0.05,SIMULATED_REAL_DATA_SUBSTITUTE,synthetic,continuous
2026-01-02T06:00:00+00:00,plot_14705,cycle_plum_1,plum,Suplum 26,OUTDOOR,lai,3.4,m2_m-2,synthetic_real_data_substitute,,synthetic_model,VALID,0.05,SIMULATED_REAL_DATA_SUBSTITUTE,synthetic,continuous
2026-01-02T06:00:00+00:00,plot_14705,cycle_plum_1,plum,Suplum 26,OUTDOOR,biomass,251.5,g_m-2,synthetic_real_data_substitute,,synthetic_model,VALID,0.05,SIMULATED_REAL_DATA_SUBSTITUTE,synthetic,continuous
2026-01-02T06:00:00+00:00,plot_14705,cycle_plum_1,plum,Suplum 26,OUTDOOR,soil_water_content,1.78,m3_m-3,synthetic_real_data_substitute,,synthetic_model,VALID,0.05,SIMULATED_REAL_DATA_SUBSTITUTE,synthetic,continuous
2026-01-02T06:00:00+00:00,plot_14705,cycle_plum_1,plum,Suplum 26,OUTDOOR,yield,2.2,kg_m-2,synthetic_real_data_substitute,,synthetic_model,VALID,0.05,SIMULATED_REAL_DATA_SUBSTITUTE,synthetic,continuous
2026-01-02T06:00:00+00:00,plot_14705,cycle_plum_1,plum,Suplum 26,OUTDOOR,fruit_weight,56.5,g,synthetic_real_data_substitute,,synthetic_model,VALID,0.05,SIMULATED_REAL_DATA_SUBSTITUTE,synthetic,continuous
2026-01-02T12:00:00+00:00,plot_14705,cycle_plum_1,plum,Suplum 26,OUTDOOR,air_temperature,20.8,degC,synthetic_real_data_substitute,,synthetic_model,VALID,0.05,SIMULATED_REAL_DATA_SUBSTITUTE,synthetic,continuous
2026-01-02T12:00:00+00:00,plot_14705,cycle_plum_1,plum,Suplum 26,OUTDOOR,relative_humidity,73.8,%,synthetic_real_data_substitute,,synthetic_model,VALID,0.05,SIMULATED_REAL_DATA_SUBSTITUTE,synthetic,continuous
2026-01-02T12:00:00+00:00,plot_14705,cycle_plum_1,plum,Suplum 26,OUTDOOR,vpd,3.1,kPa,synthetic_real_data_substitute,,synthetic_model,VALID,0.05,SIMULATED_REAL_DATA_SUBSTITUTE,synthetic,continuous
2026-01-02T12:00:00+00:00,plot_14705,cycle_plum_1,plum,Suplum 26,OUTDOOR,solar_radiation,551.8,W_m-2,synthetic_real_data_substitute,,synthetic_model,VALID,0.05,SIMULATED_REAL_DATA_SUBSTITUTE,synthetic,continuous
2026-01-02T12:00:00+00:00,plot_14705,cycle_plum_1,plum,Suplum 26,OUTDOOR,co2,421.8,ppm,synthetic_real_data_substitute,,synthetic_model,VALID,0.05,SIMULATED_REAL_DATA_SUBSTITUTE,synthetic,continuous
2026-01-02T12:00:00+00:00,plot_14705,cycle_plum_1,plum,Suplum 26,OUTDOOR,lai,3.7,m2_m-2,synthetic_real_data_substitute,,synthetic_model,VALID,0.05,SIMULATED_REAL_DATA_SUBSTITUTE,synthetic,continuous
2026-01-02T12:00:00+00:00,plot_14705,cycle_plum_1,plum,Suplum 26,OUTDOOR,biomass,251.8,g_m-2,synthetic_real_data_substitute,,synthetic_model,VALID,0.05,SIMULATED_REAL_DATA_SUBSTITUTE,synthetic,continuous
2026-01-02T12:00:00+00:00,plot_14705,cycle_plum_1,plum,Suplum 26,OUTDOOR,soil_water_content,2.08,m3_m-3,synthetic_real_data_substitute,,synthetic_model,VALID,0.05,SIMULATED_REAL_DATA_SUBSTITUTE,synthetic,continuous
2026-01-02T12:00:00+00:00,plot_14705,cycle_plum_1,plum,Suplum 26,OUTDOOR,yield,2.5,kg_m-2,synthetic_real_data_substitute,,synthetic_model,VALID,0.05,SIMULATED_REAL_DATA_SUBSTITUTE,synthetic,continuous
2026-01-02T12:00:00+00:00,plot_14705,cycle_plum_1,plum,Suplum 26,OUTDOOR,fruit_weight,56.8,g,synthetic_real_data_substitute,,synthetic_model,VALID,0.05,SIMULATED_REAL_DATA_SUBSTITUTE,synthetic,continuous
2026-01-02T18:00:00+00:00,plot_14705,cycle_plum_1,plum,Suplum 26,OUTDOOR,air_temperature,21.1,degC,synthetic_real_data_substitute,,synthetic_model,VALID,0.05,SIMULATED_REAL_DATA_SUBSTITUTE,synthetic,continuous
2026-01-02T18:00:00+00:00,plot_14705,cycle_plum_1,plum,Suplum 26,OUTDOOR,relative_humidity,74.1,%,synthetic_real_data_substitute,,synthetic_model,VALID,0.05,SIMULATED_REAL_DATA_SUBSTITUTE,synthetic,continuous
2026-01-02T18:00:00+00:00,plot_14705,cycle_plum_1,plum,Suplum 26,OUTDOOR,vpd,3.4,kPa,synthetic_real_data_substitute,,synthetic_model,VALID,0.05,SIMULATED_REAL_DATA_SUBSTITUTE,synthetic,continuous
2026-01-02T18:00:00+00:00,plot_14705,cycle_plum_1,plum,Suplum 26,OUTDOOR,solar_radiation,552.1,W_m-2,synthetic_real_data_substitute,,synthetic_model,VALID,0.05,SIMULATED_REAL_DATA_SUBSTITUTE,synthetic,continuous
2026-01-02T18:00:00+00:00,plot_14705,cycle_plum_1,plum,Suplum 26,OUTDOOR,co2,422.1,ppm,synthetic_real_data_substitute,,synthetic_model,VALID,0.05,SIMULATED_REAL_DATA_SUBSTITUTE,synthetic,continuous
2026-01-02T18:00:00+00:00,plot_14705,cycle_plum_1,plum,Suplum 26,OUTDOOR,lai,4.0,m2_m-2,synthetic_real_data_substitute,,synthetic_model,VALID,0.05,SIMULATED_REAL_DATA_SUBSTITUTE,synthetic,continuous
2026-01-02T18:00:00+00:00,plot_14705,cycle_plum_1,plum,Suplum 26,OUTDOOR,biomass,252.1,g_m-2,synthetic_real_data_substitute,,synthetic_model,VALID,0.05,SIMULATED_REAL_DATA_SUBSTITUTE,synthetic,continuous
2026-01-02T18:00:00+00:00,plot_14705,cycle_plum_1,plum,Suplum 26,OUTDOOR,soil_water_content,2.38,m3_m-3,synthetic_real_data_substitute,,synthetic_model,VALID,0.05,SIMULATED_REAL_DATA_SUBSTITUTE,synthetic,continuous
2026-01-02T18:00:00+00:00,plot_14705,cycle_plum_1,plum,Suplum 26,OUTDOOR,yield,2.8,kg_m-2,synthetic_real_data_substitute,,synthetic_model,VALID,0.05,SIMULATED_REAL_DATA_SUBSTITUTE,synthetic,continuous
2026-01-02T18:00:00+00:00,plot_14705,cycle_plum_1,plum,Suplum 26,OUTDOOR,fruit_weight,57.1,g,synthetic_real_data_substitute,,synthetic_model,VALID,0.05,SIMULATED_REAL_DATA_SUBSTITUTE,synthetic,continuous
2026-01-01T21:00:00+00:00,plot_61200,cycle_apple_1,apple,,OUTDOOR,air_temperature,20.05,degC,synthetic_real_data_substitute,,synthetic_model,VALID,0.05,SIMULATED_REAL_DATA_SUBSTITUTE,synthetic,continuous
2026-01-01T21:00:00+00:00,plot_61200,cycle_apple_1,apple,,OUTDOOR,relative_humidity,73.05,%,synthetic_real_data_substitute,,synthetic_model,VALID,0.05,SIMULATED_REAL_DATA_SUBSTITUTE,synthetic,continuous
2026-01-01T21:00:00+00:00,plot_61200,cycle_apple_1,apple,,OUTDOOR,vpd,2.35,kPa,synthetic_real_data_substitute,,synthetic_model,VALID,0.05,SIMULATED_REAL_DATA_SUBSTITUTE,synthetic,continuous
2026-01-01T21:00:00+00:00,plot_61200,cycle_apple_1,apple,,OUTDOOR,solar_radiation,551.05,W_m-2,synthetic_real_data_substitute,,synthetic_model,VALID,0.05,SIMULATED_REAL_DATA_SUBSTITUTE,synthetic,continuous
2026-01-01T21:00:00+00:00,plot_61200,cycle_apple_1,apple,,OUTDOOR,co2,421.05,ppm,synthetic_real_data_substitute,,synthetic_model,VALID,0.05,SIMULATED_REAL_DATA_SUBSTITUTE,synthetic,continuous
2026-01-01T21:00:00+00:00,plot_61200,cycle_apple_1,apple,,OUTDOOR,lai,2.95,m2_m-2,synthetic_real_data_substitute,,synthetic_model,VALID,0.05,SIMULATED_REAL_DATA_SUBSTITUTE,synthetic,continuous
2026-01-01T21:00:00+00:00,plot_61200,cycle_apple_1,apple,,OUTDOOR,biomass,251.05,g_m-2,synthetic_real_data_substitute,,synthetic_model,VALID,0.05,SIMULATED_REAL_DATA_SUBSTITUTE,synthetic,continuous
2026-01-01T21:00:00+00:00,plot_61200,cycle_apple_1,apple,,OUTDOOR,soil_water_content,1.33,m3_m-3,synthetic_real_data_substitute,,synthetic_model,VALID,0.05,SIMULATED_REAL_DATA_SUBSTITUTE,synthetic,continuous
2026-01-01T21:00:00+00:00,plot_61200,cycle_apple_1,apple,,OUTDOOR,yield,1.75,kg_m-2,synthetic_real_data_substitute,,synthetic_model,VALID,0.05,SIMULATED_REAL_DATA_SUBSTITUTE,synthetic,continuous
2026-01-01T21:00:00+00:00,plot_61200,cycle_apple_1,apple,,OUTDOOR,fruit_weight,56.05,g,synthetic_real_data_substitute,,synthetic_model,VALID,0.05,SIMULATED_REAL_DATA_SUBSTITUTE,synthetic,continuous
2026-01-02T03:00:00+00:00,plot_61200,cycle_apple_1,apple,,OUTDOOR,air_temperature,20.35,degC,synthetic_real_data_substitute,,synthetic_model,VALID,0.05,SIMULATED_REAL_DATA_SUBSTITUTE,synthetic,continuous
2026-01-02T03:00:00+00:00,plot_61200,cycle_apple_1,apple,,OUTDOOR,relative_humidity,73.35,%,synthetic_real_data_substitute,,synthetic_model,VALID,0.05,SIMULATED_REAL_DATA_SUBSTITUTE,synthetic,continuous
2026-01-02T03:00:00+00:00,plot_61200,cycle_apple_1,apple,,OUTDOOR,vpd,2.65,kPa,synthetic_real_data_substitute,,synthetic_model,VALID,0.05,SIMULATED_REAL_DATA_SUBSTITUTE,synthetic,continuous
2026-01-02T03:00:00+00:00,plot_61200,cycle_apple_1,apple,,OUTDOOR,solar_radiation,551.35,W_m-2,synthetic_real_data_substitute,,synthetic_model,VALID,0.05,SIMULATED_REAL_DATA_SUBSTITUTE,synthetic,continuous
2026-01-02T03:00:00+00:00,plot_61200,cycle_apple_1,apple,,OUTDOOR,co2,421.35,ppm,synthetic_real_data_substitute,,synthetic_model,VALID,0.05,SIMULATED_REAL_DATA_SUBSTITUTE,synthetic,continuous
2026-01-02T03:00:00+00:00,plot_61200,cycle_apple_1,apple,,OUTDOOR,lai,3.25,m2_m-2,synthetic_real_data_substitute,,synthetic_model,VALID,0.05,SIMULATED_REAL_DATA_SUBSTITUTE,synthetic,continuous
2026-01-02T03:00:00+00:00,plot_61200,cycle_apple_1,apple,,OUTDOOR,biomass,251.35,g_m-2,synthetic_real_data_substitute,,synthetic_model,VALID,0.05,SIMULATED_REAL_DATA_SUBSTITUTE,synthetic,continuous
2026-01-02T03:00:00+00:00,plot_61200,cycle_apple_1,apple,,OUTDOOR,soil_water_content,1.63,m3_m-3,synthetic_real_data_substitute,,synthetic_model,VALID,0.05,SIMULATED_REAL_DATA_SUBSTITUTE,synthetic,continuous
2026-01-02T03:00:00+00:00,plot_61200,cycle_apple_1,apple,,OUTDOOR,yield,2.05,kg_m-2,synthetic_real_data_substitute,,synthetic_model,VALID,0.05,SIMULATED_REAL_DATA_SUBSTITUTE,synthetic,continuous
2026-01-02T03:00:00+00:00,plot_61200,cycle_apple_1,apple,,OUTDOOR,fruit_weight,56.35,g,synthetic_real_data_substitute,,synthetic_model,VALID,0.05,SIMULATED_REAL_DATA_SUBSTITUTE,synthetic,continuous
2026-01-02T09:00:00+00:00,plot_61200,cycle_apple_1,apple,,OUTDOOR,air_temperature,20.65,degC,synthetic_real_data_substitute,,synthetic_model,VALID,0.05,SIMULATED_REAL_DATA_SUBSTITUTE,synthetic,continuous
2026-01-02T09:00:00+00:00,plot_61200,cycle_apple_1,apple,,OUTDOOR,relative_humidity,73.65,%,synthetic_real_data_substitute,,synthetic_model,VALID,0.05,SIMULATED_REAL_DATA_SUBSTITUTE,synthetic,continuous
2026-01-02T09:00:00+00:00,plot_61200,cycle_apple_1,apple,,OUTDOOR,vpd,2.95,kPa,synthetic_real_data_substitute,,synthetic_model,VALID,0.05,SIMULATED_REAL_DATA_SUBSTITUTE,synthetic,continuous
2026-01-02T09:00:00+00:00,plot_61200,cycle_apple_1,apple,,OUTDOOR,solar_radiation,551.65,W_m-2,synthetic_real_data_substitute,,synthetic_model,VALID,0.05,SIMULATED_REAL_DATA_SUBSTITUTE,synthetic,continuous
2026-01-02T09:00:00+00:00,plot_61200,cycle_apple_1,apple,,OUTDOOR,co2,421.65,ppm,synthetic_real_data_substitute,,synthetic_model,VALID,0.05,SIMULATED_REAL_DATA_SUBSTITUTE,synthetic,continuous
2026-01-02T09:00:00+00:00,plot_61200,cycle_apple_1,apple,,OUTDOOR,lai,3.55,m2_m-2,synthetic_real_data_substitute,,synthetic_model,VALID,0.05,SIMULATED_REAL_DATA_SUBSTITUTE,synthetic,continuous
2026-01-02T09:00:00+00:00,plot_61200,cycle_apple_1,apple,,OUTDOOR,biomass,251.65,g_m-2,synthetic_real_data_substitute,,synthetic_model,VALID,0.05,SIMULATED_REAL_DATA_SUBSTITUTE,synthetic,continuous
2026-01-02T09:00:00+00:00,plot_61200,cycle_apple_1,apple,,OUTDOOR,soil_water_content,1.93,m3_m-3,synthetic_real_data_substitute,,synthetic_model,VALID,0.05,SIMULATED_REAL_DATA_SUBSTITUTE,synthetic,continuous
2026-01-02T09:00:00+00:00,plot_61200,cycle_apple_1,apple,,OUTDOOR,yield,2.35,kg_m-2,synthetic_real_data_substitute,,synthetic_model,VALID,0.05,SIMULATED_REAL_DATA_SUBSTITUTE,synthetic,continuous
2026-01-02T09:00:00+00:00,plot_61200,cycle_apple_1,apple,,OUTDOOR,fruit_weight,56.65,g,synthetic_real_data_substitute,,synthetic_model,VALID,0.05,SIMULATED_REAL_DATA_SUBSTITUTE,synthetic,continuous
2026-01-02T15:00:00+00:00,plot_61200,cycle_apple_1,apple,,OUTDOOR,air_temperature,20.95,degC,synthetic_real_data_substitute,,synthetic_model,VALID,0.05,SIMULATED_REAL_DATA_SUBSTITUTE,synthetic,continuous
2026-01-02T15:00:00+00:00,plot_61200,cycle_apple_1,apple,,OUTDOOR,relative_humidity,73.95,%,synthetic_real_data_substitute,,synthetic_model,VALID,0.05,SIMULATED_REAL_DATA_SUBSTITUTE,synthetic,continuous
2026-01-02T15:00:00+00:00,plot_61200,cycle_apple_1,apple,,OUTDOOR,vpd,3.25,kPa,synthetic_real_data_substitute,,synthetic_model,VALID,0.05,SIMULATED_REAL_DATA_SUBSTITUTE,synthetic,continuous
2026-01-02T15:00:00+00:00,plot_61200,cycle_apple_1,apple,,OUTDOOR,solar_radiation,551.95,W_m-2,synthetic_real_data_substitute,,synthetic_model,VALID,0.05,SIMULATED_REAL_DATA_SUBSTITUTE,synthetic,continuous
2026-01-02T15:00:00+00:00,plot_61200,cycle_apple_1,apple,,OUTDOOR,co2,421.95,ppm,synthetic_real_data_substitute,,synthetic_model,VALID,0.05,SIMULATED_REAL_DATA_SUBSTITUTE,synthetic,continuous
2026-01-02T15:00:00+00:00,plot_61200,cycle_apple_1,apple,,OUTDOOR,lai,3.85,m2_m-2,synthetic_real_data_substitute,,synthetic_model,VALID,0.05,SIMULATED_REAL_DATA_SUBSTITUTE,synthetic,continuous
2026-01-02T15:00:00+00:00,plot_61200,cycle_apple_1,apple,,OUTDOOR,biomass,251.95,g_m-2,synthetic_real_data_substitute,,synthetic_model,VALID,0.05,SIMULATED_REAL_DATA_SUBSTITUTE,synthetic,continuous
2026-01-02T15:00:00+00:00,plot_61200,cycle_apple_1,apple,,OUTDOOR,soil_water_content,2.23,m3_m-3,synthetic_real_data_substitute,,synthetic_model,VALID,0.05,SIMULATED_REAL_DATA_SUBSTITUTE,synthetic,continuous
2026-01-02T15:00:00+00:00,plot_61200,cycle_apple_1,apple,,OUTDOOR,yield,2.65,kg_m-2,synthetic_real_data_substitute,,synthetic_model,VALID,0.05,SIMULATED_REAL_DATA_SUBSTITUTE,synthetic,continuous
2026-01-02T15:00:00+00:00,plot_61200,cycle_apple_1,apple,,OUTDOOR,fruit_weight,56.95,g,synthetic_real_data_substitute,,synthetic_model,VALID,0.05,SIMULATED_REAL_DATA_SUBSTITUTE,synthetic,continuous
2026-01-02T21:00:00+00:00,plot_61200,cycle_apple_1,apple,,OUTDOOR,air_temperature,21.25,degC,synthetic_real_data_substitute,,synthetic_model,VALID,0.05,SIMULATED_REAL_DATA_SUBSTITUTE,synthetic,continuous
2026-01-02T21:00:00+00:00,plot_61200,cycle_apple_1,apple,,OUTDOOR,relative_humidity,74.25,%,synthetic_real_data_substitute,,synthetic_model,VALID,0.05,SIMULATED_REAL_DATA_SUBSTITUTE,synthetic,continuous
2026-01-02T21:00:00+00:00,plot_61200,cycle_apple_1,apple,,OUTDOOR,vpd,3.55,kPa,synthetic_real_data_substitute,,synthetic_model,VALID,0.05,SIMULATED_REAL_DATA_SUBSTITUTE,synthetic,continuous
2026-01-02T21:00:00+00:00,plot_61200,cycle_apple_1,apple,,OUTDOOR,solar_radiation,552.25,W_m-2,synthetic_real_data_substitute,,synthetic_model,VALID,0.05,SIMULATED_REAL_DATA_SUBSTITUTE,synthetic,continuous
2026-01-02T21:00:00+00:00,plot_61200,cycle_apple_1,apple,,OUTDOOR,co2,422.25,ppm,synthetic_real_data_substitute,,synthetic_model,VALID,0.05,SIMULATED_REAL_DATA_SUBSTITUTE,synthetic,continuous
2026-01-02T21:00:00+00:00,plot_61200,cycle_apple_1,apple,,OUTDOOR,lai,4.15,m2_m-2,synthetic_real_data_substitute,,synthetic_model,VALID,0.05,SIMULATED_REAL_DATA_SUBSTITUTE,synthetic,continuous
2026-01-02T21:00:00+00:00,plot_61200,cycle_apple_1,apple,,OUTDOOR,biomass,252.25,g_m-2,synthetic_real_data_substitute,,synthetic_model,VALID,0.05,SIMULATED_REAL_DATA_SUBSTITUTE,synthetic,continuous
2026-01-02T21:00:00+00:00,plot_61200,cycle_apple_1,apple,,OUTDOOR,soil_water_content,2.53,m3_m-3,synthetic_real_data_substitute,,synthetic_model,VALID,0.05,SIMULATED_REAL_DATA_SUBSTITUTE,synthetic,continuous
2026-01-02T21:00:00+00:00,plot_61200,cycle_apple_1,apple,,OUTDOOR,yield,2.95,kg_m-2,synthetic_real_data_substitute,,synthetic_model,VALID,0.05,SIMULATED_REAL_DATA_SUBSTITUTE,synthetic,continuous
2026-01-02T21:00:00+00:00,plot_61200,cycle_apple_1,apple,,OUTDOOR,fruit_weight,57.25,g,synthetic_real_data_substitute,,synthetic_model,VALID,0.05,SIMULATED_REAL_DATA_SUBSTITUTE,synthetic,continuous
